,Experience (YY.MM),Age in YY.,Stay/Left,New Location,New Promotion,New Job Role Match,Agency,Direct,Employee Referral,Marr.,Single,other status,B1,B2,B3,other group,< =1,> 1 & < =3,Operation,Sales,Support,Female,Male,other
1,13.0,38.08,Stay,6,1,0,0,1,0,1,0,0,0,0,0,1,1,0,0,0,1,0,1,0
2,16.05,36.04,Stay,5,1,1,0,1,0,1,0,0,0,0,1,0,1,0,1,0,0,0,1,0
3,6.06,32.07,Stay,6,1,1,0,1,0,1,0,0,0,1,0,0,1,0,1,0,0,0,1,0
4,7.0,32.05,Stay,1,0,1,0,1,0,1,0,0,0,1,0,0,1,0,1,0,0,0,1,0
5,9.01,39.09,Stay,5,1,0,0,1,0,1,0,0,0,0,1,0,1,0,1,0,0,0,1,0
6,5.02,28.02,Stay,3,1,0,1,0,0,0,1,0,0,1,0,0,1,0,1,0,0,1,0,0
7,5.11,30.11,Left,5,1,0,1,0,0,1,0,0,0,1,0,0,1,0,1,0,0,0,1,0
8,6.04,33.05,Left,5,1,0,1,0,0,1,0,0,0,1,0,0,1,0,1,0,0,0,1,0
9,10.01,41.06,Stay,7,1,1,0,1,0,0,0,1,0,1,0,0,1,0,1,0,0,0,1,0
10,0.1,27.1,Left,6,0,0,0,1,0,0,1,0,1,0,0,0,1,0,1,0,0,0,1,0
11,9.08,34.09,Stay,6,1,0,0,1,0,1,0,0,0,1,0,0,1,0,1,0,0,0,1,0
12,6.03,30.01,Left,4,1,0,0,1,0,0,1,0,0,1,0,0,1,0,1,0,0,0,1,0
13,6.09,32.07,Left,0,0,0,0,1,0,1,0,0,0,1,0,0,1,0,1,0,0,0,0,1
14,11.02,39.07,Stay,2,1,0,0,1,0,1,0,0,0,0,1,0,1,0,1,0,0,0,1,0
15,5.02,26.07,Stay,7,1,1,0,1,0,1,0,0,0,1,0,0,1,0,1,0,0,1,0,0
16,5.02,27.1,Left,0,1,0,0,1,0,1,0,0,0,1,0,0,1,0,1,0,0,0,1,0
17,5.02,36.03,Left,1,1,0,0,1,0,1,0,0,1,0,0,0,1,0,1,0,0,0,1,0
18,4.09,31.09,Left,6,1,0,0,1,0,0,1,0,0,1,0,0,1,0,1,0,0,0,1,0
19,5.1,27.08,Stay,5,1,1,1,0,0,0,1,0,0,1,0,0,1,0,1,0,0,0,1,0
20,4.03,27.07,Left,4,1,0,0,1,0,0,1,0,1,0,0,0,1,0,1,0,0,0,1,0
21,0.03,21.05,Stay,5,0,1,0,1,0,0,1,0,1,0,0,0,1,0,1,0,0,1,0,0
22,1.1,24.1,Stay,0,0,1,0,1,0,0,1,0,1,0,0,0,1,0,1,0,0,1,0,0
23,3.03,28.08,Stay,4,1,1,0,1,0,0,1,0,1,0,0,0,1,0,1,0,0,0,1,0
24,11.02,39.06,Stay,4,0,1,0,1,0,1,0,0,0,0,1,0,1,0,1,0,0,0,1,0
25,4.04,29.02,Left,4,1,0,0,1,0,0,1,0,1,0,0,0,1,0,1,0,0,0,1,0
26,8.04,30.07,Stay,5,1,0,0,1,0,0,1,0,0,1,0,0,1,0,1,0,0,1,0,0
27,8.03,35.07,Stay,5,1,0,0,1,0,1,0,0,0,1,0,0,1,0,1,0,0,0,1,0
29,5.03,27.03,Left,7,1,0,0,1,0,0,1,0,1,0,0,0,1,0,1,0,0,0,1,0
30,1.0,23.03,Left,7,1,0,0,1,0,0,1,0,1,0,0,0,1,0,1,0,0,1,0,0
31,3.11,26.05,Stay,7,1,0,0,1,0,1,0,0,1,0,0,0,1,0,1,0,0,1,0,0
32,6.1,32.04,Stay,7,0,0,1,0,0,1,0,0,0,1,0,0,1,0,1,0,0,1,0,0
33,4.03,28.12,Left,4,1,0,0,1,0,0,1,0,1,0,0,0,1,0,1,0,0,1,0,0
34,7.04,32.02,Stay,6,0,0,1,0,0,1,0,0,0,1,0,0,1,0,1,0,0,0,1,0
35,9.07,36.04,Left,6,1,0,0,1,0,1,0,0,0,0,1,0,1,0,1,0,0,0,1,0
36,6.1,32.04,Left,6,0,1,0,1,0,0,1,0,0,1,0,0,1,0,1,0,0,0,1,0
37,2.04,26.07,Left,5,0,1,0,1,0,0,1,0,1,0,0,0,1,0,1,0,0,1,0,0
38,9.04,38.07,Stay,4,1,1,1,0,0,1,0,0,0,1,0,0,1,0,1,0,0,0,1,0
39,2.03,30.06,Stay,4,1,0,1,0,0,1,0,0,1,0,0,0,1,0,1,0,0,0,1,0
40,15.04,43.0,Stay,5,1,1,0,1,0,1,0,0,0,0,1,0,1,0,1,0,0,0,1,0
41,0.04,25.06,Stay,5,0,1,0,1,0,0,1,0,1,0,0,0,1,0,1,0,0,0,1,0
42,1.08,26.07,Left,5,1,0,0,1,0,0,1,0,1,0,0,0,1,0,1,0,0,0,1,0
43,5.04,27.05,Left,7,1,0,0,1,0,0,1,0,0,1,0,0,1,0,1,0,0,0,1,0
44,3.04,26.03,Left,7,0,0,0,1,0,0,1,0,1,0,0,0,1,0,1,0,0,0,1,0
45,10.04,37.0,Stay,6,0,0,0,0,1,1,0,0,0,1,0,0,1,0,1,0,0,0,1,0
46,3.07,33.1,Stay,5,1,0,0,1,0,1,0,0,1,0,0,0,1,0,1,0,0,1,0,0
47,0.1,23.06,Left,6,0,0,0,1,0,0,1,0,1,0,0,0,1,0,1,0,0,0,1,0
48,12.05,39.08,Left,7,0,0,0,1,0,0,1,0,0,1,0,0,1,0,1,0,0,0,1,0
49,2.01,26.02,Stay,0,1,1,0,1,0,0,1,0,1,0,0,0,1,0,0,0,1,1,0,0
50,1.01,24.02,Stay,5,0,1,0,1,0,0,1,0,1,0,0,0,1,0,1,0,0,1,0,0
51,1.06,25.04,Stay,6,0,1,1,0,0,0,1,0,1,0,0,0,1,0,1,0,0,0,1,0
52,1.02,23.08,Stay,6,0,1,1,0,0,0,1,0,1,0,0,0,1,0,1,0,0,0,1,0
53,0.04,22.03,Stay,5,0,1,0,1,0,0,1,0,1,0,0,0,1,0,1,0,0,1,0,0
54,6.05,36.07,Stay,6,1,1,0,1,0,1,0,0,0,0,1,0,1,0,1,0,0,0,1,0
55,2.11,25.01,Stay,7,0,1,0,1,0,0,1,0,1,0,0,0,1,0,1,0,0,0,1,0
56,12.05,37.07,Stay,6,1,0,1,0,0,1,0,0,0,0,1,0,1,0,1,0,0,0,1,0
57,3.05,24.04,Left,7,0,0,0,1,0,0,1,0,1,0,0,0,1,0,1,0,0,0,1,0
58,4.09,30.04,Stay,7,1,0,0,1,0,1,0,0,1,0,0,0,1,0,1,0,0,0,1,0
59,12.05,40.07,Stay,2,0,0,0,1,0,1,0,0,0,1,0,0,1,0,1,0,0,0,1,0
60,4.06,27.07,Left,3,1,0,0,1,0,0,1,0,1,0,0,0,1,0,1,0,0,1,0,0
61,1.03,23.11,Left,5,1,0,0,1,0,0,1,0,1,0,0,0,1,0,1,0,0,0,1,0
62,8.06,31.02,Stay,3,1,0,0,1,0,1,0,0,0,1,0,0,1,0,1,0,0,1,0,0
63,6.06,30.03,Stay,6,0,1,0,1,0,0,1,0,0,0,1,0,1,0,1,0,0,0,1,0
64,3.04,28.06,Stay,3,0,1,0,1,0,0,1,0,1,0,0,0,1,0,1,0,0,1,0,0
65,1.07,24.03,Left,6,1,0,0,1,0,0,1,0,1,0,0,0,1,0,1,0,0,0,1,0
66,17.06,41.04,Stay,7,1,0,0,1,0,1,0,0,0,0,1,0,1,0,1,0,0,0,1,0
67,6.06,29.05,Stay,5,1,1,1,0,0,0,1,0,0,1,0,0,1,0,1,0,0,0,0,1
68,3.1,25.04,Stay,7,1,1,0,1,0,0,1,0,1,0,0,0,1,0,1,0,0,1,0,0
69,1.05,23.1,Stay,7,1,1,0,1,0,0,1,0,1,0,0,0,1,0,1,0,0,1,0,0
70,5.0,28.01,Left,3,1,0,0,1,0,1,0,0,0,1,0,0,1,0,1,0,0,0,1,0
71,6.03,28.08,Stay,7,0,1,0,1,0,1,0,0,0,1,0,0,1,0,1,0,0,1,0,0
72,2.11,27.06,Left,0,1,0,0,1,0,0,1,0,1,0,0,0,1,0,0,0,1,0,1,0
73,8.06,33.03,Stay,4,0,1,1,0,0,1,0,0,0,0,1,0,1,0,1,0,0,0,1,0
74,6.1,29.1,Stay,5,1,0,1,0,0,0,1,0,0,1,0,0,1,0,1,0,0,0,1,0
75,5.11,27.02,Left,6,1,0,1,0,0,0,1,0,0,1,0,0,1,0,1,0,0,1,0,0
76,15.06,36.02,Stay,5,1,0,0,1,0,1,0,0,0,0,0,1,1,0,0,1,0,0,1,0
77,5.03,26.07,Left,3,0,1,0,1,0,0,1,0,0,1,0,0,1,0,1,0,0,0,1,0
78,10.06,33.0,Stay,5,0,1,0,1,0,1,0,0,1,0,0,0,1,0,1,0,0,1,0,0
79,6.07,28.06,Stay,3,0,1,0,1,0,0,1,0,1,0,0,0,1,0,1,0,0,0,1,0
80,8.06,31.05,Stay,3,1,0,1,0,0,1,0,0,0,1,0,0,1,0,1,0,0,0,1,0
81,4.11,25.02,Left,3,1,0,1,0,0,0,1,0,0,1,0,0,1,0,1,0,0,1,0,0
82,3.06,27.06,Stay,3,0,1,1,0,0,0,1,0,1,0,0,0,1,0,1,0,0,0,1,0
83,0.09,27.1,Stay,0,0,1,0,1,0,0,1,0,1,0,0,0,1,0,1,0,0,1,0,0
84,12.07,35.12,Stay,6,1,0,0,1,0,1,0,0,0,0,1,0,1,0,0,1,0,0,1,0
86,7.06,34.07,Stay,5,1,1,0,1,0,1,0,0,0,1,0,0,1,0,1,0,0,0,1,0
87,2.07,27.09,Stay,5,0,1,0,1,0,0,1,0,1,0,0,0,1,0,1,0,0,0,1,0
88,13.1,36.07,Stay,5,0,1,0,1,0,1,0,0,0,0,1,0,1,0,1,0,0,1,0,0
89,1.09,24.08,Stay,5,0,1,0,1,0,0,1,0,1,0,0,0,1,0,1,0,0,1,0,0
90,8.01,36.1,Left,6,1,0,0,1,0,1,0,0,0,1,0,0,1,0,1,0,0,0,1,0
91,0.07,26.07,Left,7,0,0,0,1,0,0,1,0,0,0,1,0,1,0,0,1,0,0,1,0
92,5.07,29.1,Stay,6,1,0,1,0,0,1,0,0,0,1,0,0,1,0,1,0,0,1,0,0
93,12.07,38.09,Stay,5,0,0,1,0,0,1,0,0,0,0,1,0,1,0,1,0,0,1,0,0
94,10.07,41.0,Stay,5,1,1,0,1,0,0,0,1,0,1,0,0,1,0,1,0,0,0,0,1
95,5.01,25.09,Left,6,1,0,0,1,0,0,1,0,0,1,0,0,1,0,1,0,0,0,1,0
96,9.07,37.1,Left,6,1,0,1,0,0,1,0,0,0,1,0,0,1,0,0,0,1,0,1,0
97,3.07,25.07,Left,3,1,0,1,0,0,0,1,0,1,0,0,0,1,0,1,0,0,0,1,0
98,5.01,28.06,Stay,6,0,1,0,0,1,0,1,0,0,1,0,0,1,0,1,0,0,0,1,0
99,2.06,24.1,Left,5,1,0,0,1,0,0,1,0,1,0,0,0,1,0,1,0,0,0,1,0
100,7.07,33.08,Stay,7,1,1,0,1,0,1,0,0,0,1,0,0,1,0,1,0,0,0,1,0
101,3.02,27.07,Stay,7,1,1,0,1,0,0,1,0,1,0,0,0,1,0,1,0,0,0,1,0
102,9.08,36.06,Stay,4,1,0,0,1,0,1,0,0,0,1,0,0,1,0,1,0,0,0,1,0
103,9.11,35.08,Stay,6,1,0,0,1,0,1,0,0,0,0,1,0,1,0,1,0,0,0,1,0
104,6.08,28.02,Left,5,1,0,0,1,0,0,1,0,0,1,0,0,1,0,1,0,0,0,1,0
105,7.08,30.04,Left,6,1,0,1,0,0,0,1,0,0,1,0,0,1,0,1,0,0,0,1,0
106,4.1,29.05,Left,5,1,0,0,1,0,0,1,0,0,1,0,0,1,0,1,0,0,0,1,0
107,4.01,27.07,Left,5,0,0,0,1,0,0,1,0,1,0,0,0,1,0,1,0,0,1,0,0
108,3.1,27.06,Left,5,1,0,1,0,0,0,1,0,1,0,0,0,1,0,1,0,0,0,1,0
109,0.08,22.07,Stay,7,0,1,0,1,0,0,1,0,1,0,0,0,1,0,1,0,0,1,0,0
110,1.05,25.04,Stay,6,1,1,0,1,0,0,1,0,1,0,0,0,1,0,1,0,0,1,0,0
111,2.02,25.06,Stay,5,0,1,0,1,0,1,0,0,1,0,0,0,1,0,1,0,0,1,0,0
112,4.08,27.1,Left,6,1,0,0,1,0,0,1,0,1,0,0,0,1,0,1,0,0,0,1,0
113,9.01,33.08,Left,5,1,0,0,1,0,0,1,0,0,1,0,0,1,0,1,0,0,0,1,0
114,4.01,25.06,Left,5,1,0,0,1,0,0,1,0,1,0,0,0,1,0,1,0,0,0,1,0
115,6.1,33.02,Stay,5,1,0,1,0,0,1,0,0,0,1,0,0,1,0,1,0,0,0,1,0
116,3.01,31.01,Stay,7,1,1,0,1,0,1,0,0,1,0,0,0,1,0,1,0,0,1,0,0
117,3.08,26.01,Left,3,1,0,0,1,0,0,1,0,1,0,0,0,1,0,1,0,0,1,0,0
118,6.08,27.04,Left,3,1,0,0,1,0,0,1,0,0,1,0,0,1,0,1,0,0,0,1,0
119,1.09,24.04,Stay,5,1,1,0,0,1,0,1,0,1,0,0,0,1,0,1,0,0,0,1,0
120,4.08,30.07,Left,7,0,0,0,1,0,0,1,0,1,0,0,0,1,0,1,0,0,0,1,0
121,15.03,50.07,Stay,7,1,0,0,0,1,1,0,0,0,0,1,0,1,0,1,0,0,0,1,0
122,5.05,29.09,Left,5,1,0,0,1,0,0,1,0,1,0,0,0,1,0,1,0,0,1,0,0
123,9.09,34.04,Stay,6,1,1,0,0,1,1,0,0,0,0,1,0,1,0,1,0,0,0,1,0
124,25.08,40.04,Stay,6,0,0,1,0,0,1,0,0,0,0,0,1,1,0,1,0,0,0,1,0
125,4.1,28.09,Left,5,1,0,0,1,0,0,1,0,1,0,0,0,1,0,1,0,0,1,0,0
126,11.04,25.04,Stay,6,0,1,0,1,0,0,1,0,0,1,0,0,1,0,1,0,0,0,1,0
127,6.09,30.01,Stay,7,1,0,0,1,0,1,0,0,0,1,0,0,1,0,1,0,0,0,1,0
128,5.05,29.02,Stay,7,1,1,0,0,1,1,0,0,0,1,0,0,1,0,1,0,0,0,1,0
129,10.09,36.0,Stay,7,0,1,0,1,0,1,0,0,0,1,0,0,1,0,1,0,0,0,1,0
130,3.02,27.03,Stay,6,0,1,0,1,0,0,1,0,1,0,0,0,1,0,1,0,0,0,1,0
132,1.08,30.06,Stay,7,0,1,0,1,0,1,0,0,1,0,0,0,1,0,1,0,0,0,1,0
133,0.08,24.02,Left,0,0,0,0,1,0,0,1,0,1,0,0,0,1,0,1,0,0,0,1,0
134,0.09,30.01,Stay,0,0,0,0,1,0,1,0,0,1,0,0,0,1,0,1,0,0,1,0,0
135,5.02,28.02,Left,5,0,0,0,1,0,0,1,0,1,0,0,0,1,0,1,0,0,0,0,1
136,5.01,28.07,Left,4,0,0,0,1,0,0,1,0,1,0,0,0,1,0,1,0,0,0,1,0
137,8.09,32.09,Stay,6,0,1,0,1,0,1,0,0,0,1,0,0,1,0,1,0,0,0,1,0
138,12.09,35.12,Stay,7,0,1,0,1,0,1,0,0,0,0,1,0,1,0,1,0,0,0,1,0
139,10.09,37.07,Stay,7,0,0,0,1,0,1,0,0,0,1,0,0,1,0,1,0,0,0,1,0
140,10.09,33.07,Left,2,0,0,0,1,0,1,0,0,0,1,0,0,1,0,1,0,0,0,1,0
141,4.03,30.11,Stay,5,0,1,0,1,0,0,1,0,0,1,0,0,1,0,1,0,0,0,1,0
142,4.03,27.07,Stay,7,0,1,0,1,0,0,1,0,1,0,0,0,1,0,1,0,0,0,1,0
143,5.09,35.06,Left,4,0,0,1,0,0,0,1,0,1,0,0,0,1,0,1,0,0,0,1,0
144,4.08,30.09,Left,3,1,0,1,0,0,0,1,0,1,0,0,0,1,0,1,0,0,0,1,0
145,1.09,28.11,Left,6,0,0,0,1,0,1,0,0,1,0,0,0,1,0,0,0,1,0,1,0
146,2.11,30.1,Left,5,0,0,0,1,0,0,1,0,0,1,0,0,0,1,1,0,0,0,1,0
147,6.01,30.08,Stay,7,0,1,0,1,0,1,0,0,0,1,0,0,1,0,1,0,0,1,0,0
148,9.02,32.03,Stay,7,0,0,0,1,0,1,0,0,0,1,0,0,1,0,1,0,0,0,1,0
149,5.05,26.06,Left,5,1,0,0,1,0,0,1,0,1,0,0,0,1,0,1,0,0,0,1,0
150,8.11,38.06,Stay,7,0,1,0,1,0,1,0,0,0,1,0,0,1,0,1,0,0,0,1,0
151,11.03,36.11,Stay,6,1,0,1,0,0,1,0,0,0,0,1,0,1,0,1,0,0,0,1,0
152,11.03,35.04,Stay,2,0,1,0,1,0,1,0,0,1,0,0,0,1,0,1,0,0,0,1,0
153,3.02,24.09,Stay,5,0,1,0,1,0,0,1,0,1,0,0,0,1,0,1,0,0,1,0,0
154,3.11,37.07,Left,0,0,0,0,1,0,1,0,0,1,0,0,0,1,0,1,0,0,0,1,0
155,2.1,25.11,Left,6,0,0,0,1,0,0,1,0,1,0,0,0,1,0,1,0,0,0,1,0
156,2.0,24.02,Stay,5,1,1,1,0,0,0,1,0,1,0,0,0,1,0,1,0,0,1,0,0
157,11.0,39.11,Stay,7,0,1,1,0,0,1,0,0,0,1,0,0,1,0,1,0,0,0,1,0
158,6.09,28.05,Stay,4,1,0,1,0,0,1,0,0,0,1,0,0,1,0,1,0,0,1,0,0
159,4.04,26.12,Stay,3,1,1,0,1,0,1,0,0,1,0,0,0,1,0,1,0,0,0,1,0
160,8.01,35.09,Stay,3,0,1,1,0,0,0,1,0,0,1,0,0,1,0,1,0,0,0,0,1
161,4.1,27.11,Left,6,1,0,0,1,0,0,1,0,1,0,0,0,1,0,1,0,0,0,1,0
162,0.11,26.01,Left,6,1,0,0,1,0,0,1,0,1,0,0,0,1,0,1,0,0,0,1,0
163,7.0,31.09,Stay,7,1,0,0,1,0,1,0,0,0,1,0,0,1,0,1,0,0,0,1,0
164,7.1,39.0,Stay,6,0,0,0,1,0,1,0,0,0,1,0,0,1,0,1,0,0,0,1,0
165,5.03,42.02,Stay,5,0,0,1,0,0,1,0,0,0,1,0,0,1,0,1,0,0,0,1,0
166,3.09,25.07,Left,5,0,0,1,0,0,0,1,0,1,0,0,0,1,0,1,0,0,0,1,0
167,0.1,23.08,Stay,2,0,1,0,1,0,0,1,0,0,0,0,1,1,0,0,0,1,1,0,0
168,3.06,28.05,Stay,1,1,1,0,1,0,0,1,0,1,0,0,0,1,0,1,0,0,0,1,0
169,6.04,28.05,Stay,7,0,1,0,1,0,0,1,0,0,1,0,0,1,0,1,0,0,0,1,0
170,9.05,36.07,Left,7,0,0,1,0,0,0,1,0,0,1,0,0,1,0,1,0,0,1,0,0
171,2.08,24.12,Left,7,1,0,0,1,0,0,1,0,1,0,0,0,1,0,1,0,0,1,0,0
172,8.1,31.01,Left,6,1,0,1,0,0,0,1,0,0,1,0,0,1,0,1,0,0,0,1,0
173,1.11,24.09,Left,7,1,0,1,0,0,0,1,0,1,0,0,0,1,0,1,0,0,0,1,0
174,2.01,24.08,Stay,6,1,1,0,1,0,0,1,0,1,0,0,0,1,0,1,0,0,1,0,0
175,4.1,27.11,Stay,3,0,1,0,1,0,0,1,0,1,0,0,0,1,0,1,0,0,0,1,0
176,4.02,31.04,Stay,6,0,1,0,1,0,1,0,0,0,1,0,0,1,0,1,0,0,0,1,0
177,5.04,29.05,Left,6,1,0,0,1,0,0,1,0,1,0,0,0,1,0,1,0,0,0,1,0
178,3.1,28.0,Stay,7,1,0,0,1,0,1,0,0,1,0,0,0,1,0,1,0,0,0,1,0
179,7.09,31.08,Left,5,1,0,0,1,0,0,1,0,0,1,0,0,1,0,1,0,0,0,1,0
180,5.03,33.05,Stay,3,1,1,0,1,0,1,0,0,0,1,0,0,1,0,1,0,0,0,1,0
181,4.01,28.03,Stay,6,0,1,0,0,1,0,1,0,0,1,0,0,1,0,1,0,0,0,1,0
182,2.07,24.11,Left,6,0,0,1,0,0,0,1,0,1,0,0,0,1,0,1,0,0,0,1,0
183,12.08,38.0,Stay,7,0,1,0,0,1,1,0,0,0,1,0,0,1,0,1,0,0,0,1,0
184,4.0,28.11,Stay,0,1,1,0,1,0,0,1,0,1,0,0,0,1,0,1,0,0,0,1,0
185,2.02,23.06,Left,7,0,0,1,0,0,0,1,0,1,0,0,0,1,0,1,0,0,0,1,0
186,5.07,29.06,Stay,3,0,1,1,0,0,1,0,0,1,0,0,0,1,0,1,0,0,1,0,0
187,3.0,26.05,Left,6,1,0,0,1,0,0,1,0,0,1,0,0,1,0,1,0,0,0,1,0
188,0.11,25.01,Stay,5,0,1,0,1,0,0,1,0,1,0,0,0,1,0,1,0,0,0,1,0
189,1.0,23.03,Stay,5,0,1,0,1,0,0,1,0,1,0,0,0,1,0,1,0,0,0,1,0
190,6.09,29.07,Stay,6,0,1,0,0,1,0,1,0,1,0,0,0,1,0,1,0,0,1,0,0
191,11.11,38.04,Stay,6,1,1,0,1,0,1,0,0,0,0,0,1,1,0,0,1,0,0,1,0
192,3.11,26.06,Stay,4,0,1,0,0,1,0,1,0,1,0,0,0,1,0,1,0,0,1,0,0
193,5.11,34.08,Left,7,0,0,1,0,0,0,1,0,1,0,0,0,1,0,1,0,0,0,1,0
194,1.11,28.04,Stay,7,0,1,0,1,0,0,1,0,1,0,0,0,1,0,1,0,0,0,1,0
195,7.01,34.03,Stay,5,0,0,1,0,0,1,0,0,0,1,0,0,1,0,1,0,0,0,1,0
196,3.0,25.08,Stay,3,0,1,0,1,0,0,1,0,1,0,0,0,1,0,1,0,0,0,0,1
197,3.06,27.07,Left,6,0,0,0,1,0,1,0,0,1,0,0,0,1,0,0,0,1,1,0,0
198,19.08,35.1,Stay,6,1,1,0,0,1,1,0,0,0,0,1,0,1,0,1,0,0,0,1,0
199,11.08,34.0,Stay,3,0,1,0,1,0,1,0,0,0,0,1,0,1,0,1,0,0,0,1,0
200,7.04,30.02,Stay,6,0,1,0,1,0,1,0,0,0,1,0,0,1,0,0,0,1,1,0,0
201,3.11,27.01,Stay,5,1,1,0,1,0,0,1,0,1,0,0,0,1,0,1,0,0,0,1,0
202,4.11,28.0,Left,5,1,0,0,1,0,0,1,0,1,0,0,0,1,0,1,0,0,0,1,0
203,10.11,36.1,Stay,5,1,0,1,0,0,1,0,0,0,1,0,0,1,0,1,0,0,0,1,0
204,3.05,26.04,Stay,7,0,1,0,1,0,0,1,0,1,0,0,0,1,0,1,0,0,0,1,0
205,6.08,28.07,Stay,7,0,1,0,1,0,0,1,0,0,1,0,0,1,0,1,0,0,0,1,0
206,5.04,30.06,Stay,7,0,0,0,1,0,1,0,0,0,1,0,0,1,0,1,0,0,0,1,0
207,1.0,24.04,Stay,4,0,1,0,1,0,0,0,1,1,0,0,0,1,0,1,0,0,0,1,0
208,5.0,27.07,Left,5,0,0,0,1,0,0,1,0,1,0,0,0,1,0,1,0,0,0,1,0
209,2.06,29.1,Stay,5,0,1,0,1,0,0,1,0,0,0,0,1,0,1,1,0,0,1,0,0
210,2.08,28.06,Left,4,1,0,0,1,0,0,0,1,0,1,0,0,0,1,1,0,0,0,1,0
211,3.07,26.09,Left,5,0,0,0,1,0,0,1,0,1,0,0,0,1,0,1,0,0,1,0,0
212,4.05,27.04,Stay,5,0,1,0,1,0,0,1,0,1,0,0,0,1,0,1,0,0,1,0,0
213,4.08,29.04,Stay,5,0,1,0,1,0,1,0,0,1,0,0,0,1,0,1,0,0,1,0,0
214,3.06,26.11,Stay,7,0,1,0,1,0,1,0,0,1,0,0,0,1,0,1,0,0,1,0,0
215,9.02,33.09,Stay,6,0,1,0,1,0,1,0,0,0,0,1,0,1,0,1,0,0,0,1,0
216,4.0,25.05,Stay,3,0,1,0,1,0,0,1,0,1,0,0,0,1,0,1,0,0,0,1,0
217,15.11,41.02,Stay,5,0,1,0,0,1,1,0,0,0,0,0,1,1,0,1,0,0,0,1,0
218,3.07,24.03,Left,6,0,0,0,1,0,0,1,0,1,0,0,0,1,0,0,0,1,0,1,0
219,3.01,27.11,Stay,6,1,1,0,1,0,0,1,0,1,0,0,0,1,0,0,0,1,0,1,0
220,6.06,38.1,Left,5,0,0,1,0,0,0,1,0,1,0,0,0,1,0,1,0,0,0,1,0
221,4.11,29.12,Stay,6,0,1,1,0,0,0,1,0,1,0,0,0,1,0,1,0,0,0,1,0
222,7.11,30.11,Stay,7,0,0,0,1,0,1,0,0,0,1,0,0,1,0,1,0,0,0,1,0
223,8.0,32.12,Stay,5,0,0,0,1,0,1,0,0,0,1,0,0,1,0,1,0,0,0,1,0
224,2.08,26.0,Left,6,0,0,1,0,0,0,1,0,1,0,0,0,1,0,1,0,0,0,1,0
225,4.03,29.02,Stay,6,0,1,0,1,0,0,1,0,1,0,0,0,1,0,1,0,0,0,1,0
226,10.0,37.1,Stay,7,0,1,0,1,0,1,0,0,0,1,0,0,1,0,1,0,0,1,0,0
227,12.0,38.06,Stay,5,0,1,0,1,0,1,0,0,0,0,1,0,1,0,1,0,0,0,1,0
228,5.06,35.05,Stay,5,0,1,0,1,0,1,0,0,1,0,0,0,1,0,1,0,0,1,0,0
229,4.08,28.02,Left,7,0,0,0,1,0,0,1,0,1,0,0,0,1,0,1,0,0,0,1,0
230,15.0,38.09,Left,3,0,1,0,1,0,1,0,0,0,0,1,0,1,0,1,0,0,0,1,0
231,6.01,36.06,Stay,5,0,1,0,1,0,1,0,0,0,1,0,0,1,0,1,0,0,0,1,0
232,3.06,29.05,Left,5,1,0,1,0,0,0,1,0,1,0,0,0,1,0,1,0,0,0,1,0
233,6.02,29.05,Stay,3,0,1,0,1,0,1,0,0,0,1,0,0,1,0,1,0,0,1,0,0
234,6.01,30.03,Stay,5,0,1,0,1,0,1,0,0,1,0,0,0,1,0,1,0,0,1,0,0
235,10.0,36.12,Left,5,0,1,0,1,0,1,0,0,1,0,0,0,1,0,1,0,0,0,1,0
236,9.0,28.12,Left,5,0,1,0,1,0,0,1,0,0,1,0,0,1,0,1,0,0,0,1,0
237,4.0,26.07,Stay,5,0,1,0,1,0,1,0,0,0,1,0,0,1,0,1,0,0,0,1,0
238,5.0,33.06,Stay,7,0,1,0,1,0,1,0,0,1,0,0,0,1,0,0,0,1,1,0,0
239,9.01,37.07,Stay,3,1,0,1,0,0,1,0,0,0,0,1,0,1,0,1,0,0,0,1,0
240,2.05,27.0,Left,6,0,0,1,0,0,0,1,0,1,0,0,0,1,0,1,0,0,1,0,0
241,3.08,29.01,Stay,7,0,1,0,1,0,1,0,0,1,0,0,0,1,0,1,0,0,0,1,0
242,5.08,32.02,Stay,4,0,1,0,1,0,1,0,0,0,1,0,0,1,0,1,0,0,0,1,0
243,9.0,30.07,Stay,5,0,0,0,1,0,1,0,0,0,1,0,0,1,0,1,0,0,1,0,0
244,1.09,23.08,Left,7,0,0,0,1,0,0,1,0,1,0,0,0,0,1,1,0,0,1,0,0
245,3.07,26.09,Stay,7,0,1,0,1,0,0,1,0,1,0,0,0,1,0,1,0,0,0,1,0
246,1.09,26.09,Stay,6,0,1,0,1,0,0,1,0,1,0,0,0,1,0,1,0,0,0,1,0
247,4.0,25.01,Stay,5,0,1,0,1,0,0,1,0,0,1,0,0,1,0,1,0,0,1,0,0
248,9.0,31.03,Left,5,0,0,0,1,0,1,0,0,0,1,0,0,1,0,1,0,0,0,1,0
249,7.05,32.02,Stay,1,0,1,0,1,0,1,0,0,0,1,0,0,1,0,1,0,0,0,1,0
250,3.01,26.05,Stay,2,0,1,0,1,0,1,0,0,1,0,0,0,1,0,1,0,0,1,0,0
251,3.04,24.01,Stay,6,0,1,0,1,0,0,1,0,1,0,0,0,1,0,1,0,0,0,1,0
252,7.02,32.06,Stay,2,0,1,0,1,0,1,0,0,1,0,0,0,1,0,1,0,0,0,1,0
253,12.02,38.11,Left,4,0,0,1,0,0,1,0,0,0,0,1,0,1,0,1,0,0,0,1,0
254,7.01,30.07,Stay,4,1,1,0,1,0,1,0,0,1,0,0,0,0,1,1,0,0,0,1,0
255,4.02,30.01,Stay,5,1,1,0,1,0,0,1,0,1,0,0,0,1,0,1,0,0,0,1,0
256,6.08,29.04,Stay,5,0,1,0,1,0,0,1,0,0,1,0,0,1,0,1,0,0,0,1,0
257,4.01,27.03,Left,5,1,0,0,1,0,0,1,0,1,0,0,0,0,1,1,0,0,0,1,0
258,6.09,30.02,Stay,5,1,1,0,1,0,0,1,0,0,1,0,0,1,0,1,0,0,0,1,0
259,2.1,25.11,Stay,0,0,1,0,0,1,0,1,0,1,0,0,0,1,0,1,0,0,0,1,0
260,6.11,29.02,Stay,7,0,1,0,1,0,1,0,0,0,1,0,0,0,1,1,0,0,0,1,0
261,3.11,25.06,Stay,7,1,1,0,1,0,0,1,0,1,0,0,0,1,0,1,0,0,0,1,0
262,5.0,27.02,Left,4,0,0,1,0,0,0,1,0,1,0,0,0,1,0,1,0,0,0,1,0
263,7.11,27.11,Stay,6,1,0,0,1,0,0,1,0,0,1,0,0,0,1,1,0,0,0,1,0
264,4.05,30.11,Stay,7,0,1,1,0,0,1,0,0,1,0,0,0,0,1,1,0,0,1,0,0
265,5.0,28.04,Stay,7,0,1,0,1,0,0,1,0,0,1,0,0,1,0,1,0,0,0,1,0
266,3.04,26.05,Stay,6,0,1,0,1,0,0,1,0,1,0,0,0,0,1,0,0,1,0,1,0
267,6.05,29.09,Stay,5,0,1,0,1,0,1,0,0,0,1,0,0,0,1,1,0,0,0,1,0
268,12.01,34.02,Left,4,0,0,0,1,0,1,0,0,0,0,1,0,0,1,1,0,0,0,1,0
269,8.06,31.03,Stay,6,0,1,0,1,0,1,0,0,0,1,0,0,0,1,1,0,0,0,1,0
270,1.01,29.04,Stay,0,0,1,0,1,0,1,0,0,1,0,0,0,0,1,1,0,0,1,0,0
271,1.08,23.12,Left,6,1,0,0,1,0,0,1,0,1,0,0,0,0,1,1,0,0,1,0,0
272,1.1,24.04,Left,7,1,0,0,1,0,0,1,0,1,0,0,0,0,1,1,0,0,0,1,0
273,8.03,30.02,Stay,7,1,1,0,1,0,0,1,0,0,1,0,0,0,1,1,0,0,0,1,0
274,5.09,27.07,Stay,7,0,1,0,1,0,0,1,0,0,1,0,0,0,1,1,0,0,1,0,0
275,3.03,24.1,Left,7,1,0,1,0,0,0,1,0,1,0,0,0,0,1,1,0,0,0,1,0
276,2.05,25.03,Left,7,1,0,0,1,0,0,1,0,1,0,0,0,0,1,1,0,0,0,1,0
277,6.04,30.08,Left,4,0,1,1,0,0,0,1,0,1,0,0,0,0,1,1,0,0,0,1,0
278,6.01,29.1,Stay,5,1,1,0,1,0,1,0,0,0,1,0,0,0,1,1,0,0,1,0,0
279,5.06,29.01,Stay,2,1,1,0,1,0,1,0,0,1,0,0,0,0,1,1,0,0,0,1,0
280,4.09,30.03,Stay,6,0,1,0,1,0,1,0,0,1,0,0,0,0,1,0,0,1,1,0,0
281,11.01,33.08,Stay,6,1,0,0,1,0,1,0,0,0,0,1,0,0,1,1,0,0,0,1,0
282,3.07,25.06,Stay,0,0,1,0,1,0,0,1,0,1,0,0,0,0,1,1,0,0,0,1,0
283,6.02,29.04,Stay,7,0,1,0,1,0,0,1,0,0,1,0,0,0,1,1,0,0,0,1,0
284,1.02,23.09,Stay,7,0,1,0,1,0,0,1,0,1,0,0,0,0,1,1,0,0,1,0,0
285,1.02,23.1,Left,6,0,0,0,1,0,0,1,0,1,0,0,0,0,1,1,0,0,0,1,0
286,6.07,32.04,Stay,1,1,0,0,0,1,1,0,0,0,1,0,0,0,1,1,0,0,0,1,0
287,4.02,25.11,Left,7,1,0,1,0,0,0,1,0,0,1,0,0,0,1,1,0,0,0,1,0
288,2.02,24.06,Stay,7,0,1,0,1,0,0,1,0,1,0,0,0,0,1,1,0,0,1,0,0
289,3.09,30.06,Stay,5,0,1,0,1,0,0,1,0,1,0,0,0,0,1,1,0,0,0,1,0
290,3.02,26.01,Stay,4,1,1,0,1,0,0,1,0,1,0,0,0,0,1,1,0,0,1,0,0
291,3.09,27.07,Left,0,1,0,0,1,0,0,1,0,1,0,0,0,0,1,1,0,0,0,1,0
292,1.02,24.01,Stay,6,0,1,0,1,0,0,1,0,1,0,0,0,0,1,1,0,0,0,1,0
293,5.07,28.04,Stay,4,1,1,0,1,0,0,1,0,1,0,0,0,0,1,1,0,0,0,1,0
294,11.05,32.08,Stay,5,1,0,0,1,0,1,0,0,0,1,0,0,0,1,1,0,0,1,0,0
295,14.02,40.06,Stay,6,1,1,0,1,0,1,0,0,0,0,0,1,0,1,0,0,1,0,1,0
296,1.02,24.0,Stay,1,0,1,0,1,0,0,1,0,0,0,0,1,0,1,0,0,1,0,1,0
297,7.02,29.02,Left,6,1,0,0,1,0,0,1,0,0,1,0,0,0,1,1,0,0,0,1,0
298,2.03,24.03,Left,7,1,0,1,0,0,0,1,0,1,0,0,0,0,1,1,0,0,0,1,0
299,4.06,26.12,Stay,7,1,1,0,1,0,0,1,0,1,0,0,0,0,1,1,0,0,0,1,0
300,5.1,30.09,Stay,5,0,1,0,1,0,1,0,0,1,0,0,0,0,1,1,0,0,0,1,0
301,2.09,27.05,Left,7,0,0,0,1,0,0,1,0,1,0,0,0,0,1,1,0,0,0,1,0
302,6.02,29.02,Stay,6,0,1,0,1,0,0,1,0,0,1,0,0,0,1,1,0,0,0,1,0
303,1.07,25.03,Stay,6,0,1,0,1,0,0,1,0,1,0,0,0,0,1,0,1,0,1,0,0
304,4.07,26.05,Left,6,0,0,1,0,0,0,1,0,1,0,0,0,0,1,1,0,0,0,1,0
305,2.08,26.05,Stay,7,1,1,0,1,0,0,1,0,1,0,0,0,0,1,1,0,0,0,1,0
306,6.02,27.1,Left,6,0,1,0,1,0,1,0,0,1,0,0,0,0,1,1,0,0,0,1,0
307,5.02,27.04,Stay,6,0,1,0,0,1,0,1,0,0,1,0,0,0,1,1,0,0,0,1,0
308,3.07,28.06,Left,6,1,0,0,1,0,0,1,0,1,0,0,0,0,1,0,0,1,0,1,0
309,2.03,23.09,Stay,7,0,1,0,1,0,0,1,0,1,0,0,0,0,1,1,0,0,0,1,0
310,1.03,24.04,Left,6,1,0,0,1,0,0,1,0,1,0,0,0,0,1,0,0,1,1,0,0
311,3.0,25.1,Left,6,1,0,1,0,0,0,1,0,1,0,0,0,0,1,1,0,0,1,0,0
312,4.11,28.09,Left,6,1,0,0,1,0,0,1,0,0,1,0,0,0,1,1,0,0,0,1,0
313,6.05,28.1,Left,5,0,0,0,1,0,1,0,0,0,1,0,0,0,1,1,0,0,0,1,0
314,2.08,24.07,Left,7,0,0,0,1,0,0,1,0,1,0,0,0,0,1,1,0,0,0,1,0
315,5.03,27.12,Stay,7,1,0,0,1,0,0,1,0,1,0,0,0,0,1,1,0,0,0,1,0
316,4.02,27.06,Left,6,1,0,0,0,1,1,0,0,0,1,0,0,0,1,1,0,0,0,1,0
317,7.07,35.05,Stay,6,0,1,1,0,0,1,0,0,0,1,0,0,0,1,1,0,0,0,1,0
318,12.03,35.1,Stay,6,0,1,0,1,0,1,0,0,0,0,1,0,0,1,0,0,1,0,1,0
319,5.11,28.1,Stay,0,0,1,0,1,0,0,1,0,1,0,0,0,0,1,1,0,0,1,0,0
320,1.08,43.1,Stay,4,0,1,0,1,0,1,0,0,0,1,0,0,0,1,1,0,0,0,1,0
321,1.08,25.07,Stay,4,0,1,0,1,0,0,1,0,1,0,0,0,0,1,1,0,0,0,1,0
322,1.08,26.08,Stay,4,0,1,0,1,0,0,1,0,0,1,0,0,0,1,1,0,0,0,1,0
323,1.08,33.03,Left,4,0,0,0,1,0,0,1,0,0,1,0,0,0,1,1,0,0,0,1,0
324,1.03,24.02,Left,1,0,0,0,1,0,0,1,0,0,0,0,1,0,1,0,0,1,1,0,0
325,1.03,23.0,Left,6,0,0,0,1,0,0,1,0,1,0,0,0,0,1,1,0,0,1,0,0
326,4.03,29.02,Stay,7,0,1,0,1,0,1,0,0,1,0,0,0,0,1,1,0,0,0,1,0
327,8.03,35.07,Stay,6,0,1,0,0,1,1,0,0,0,1,0,0,0,1,1,0,0,0,1,0
328,6.03,34.01,Stay,5,1,0,0,1,0,0,1,0,0,1,0,0,0,1,1,0,0,0,1,0
329,1.09,27.11,Stay,5,0,1,0,1,0,1,0,0,1,0,0,0,0,1,1,0,0,0,1,0
330,11.08,34.06,Stay,3,1,1,0,1,0,1,0,0,0,1,0,0,0,1,1,0,0,0,1,0
331,4.03,27.04,Stay,6,0,1,0,1,0,0,1,0,1,0,0,0,0,1,1,0,0,1,0,0
332,1.03,24.09,Left,6,0,0,0,1,0,0,1,0,1,0,0,0,0,1,0,0,1,0,1,0
333,12.03,35.08,Stay,7,1,0,0,1,0,1,0,0,0,1,0,0,0,1,1,0,0,0,1,0
334,8.03,30.05,Stay,5,0,1,0,1,0,1,0,0,0,1,0,0,0,1,1,0,0,0,1,0
335,4.03,35.08,Stay,7,1,1,0,1,0,0,1,0,1,0,0,0,0,1,1,0,0,0,1,0
336,4.03,25.06,Stay,7,1,0,0,1,0,1,0,0,1,0,0,0,0,1,1,0,0,1,0,0
337,7.06,37.06,Stay,4,1,0,0,1,0,1,0,0,0,1,0,0,0,1,1,0,0,1,0,0
338,14.0,38.09,Stay,5,1,0,0,1,0,1,0,0,0,0,1,0,0,1,1,0,0,1,0,0
339,7.05,30.05,Stay,6,0,1,0,1,0,1,0,0,0,1,0,0,0,1,1,0,0,0,1,0
340,5.03,27.08,Left,6,1,0,0,1,0,0,1,0,0,1,0,0,0,1,1,0,0,0,1,0
341,4.1,29.09,Stay,6,0,1,1,0,0,0,1,0,0,1,0,0,0,1,1,0,0,0,1,0
342,2.07,27.03,Stay,6,0,1,1,0,0,0,1,0,1,0,0,0,0,1,1,0,0,1,0,0
343,4.08,26.05,Stay,3,1,1,0,1,0,0,1,0,1,0,0,0,0,1,1,0,0,1,0,0
344,1.03,23.04,Stay,7,0,1,0,1,0,0,1,0,1,0,0,0,0,1,1,0,0,0,1,0
345,6.08,32.1,Left,3,1,0,0,0,1,1,0,0,0,1,0,0,0,1,1,0,0,0,1,0
346,3.02,27.11,Left,5,1,0,0,1,0,0,1,0,1,0,0,0,0,1,1,0,0,1,0,0
347,5.03,27.07,Stay,7,1,0,0,1,0,0,1,0,1,0,0,0,0,1,1,0,0,1,0,0
348,12.1,40.02,Stay,4,0,1,0,1,0,0,1,0,0,1,0,0,0,1,1,0,0,1,0,0
349,3.11,29.0,Stay,7,0,1,0,1,0,0,1,0,1,0,0,0,0,1,1,0,0,0,1,0
350,2.06,23.08,Stay,5,0,1,0,1,0,0,1,0,1,0,0,0,0,1,1,0,0,1,0,0
351,3.1,26.03,Left,4,1,0,0,1,0,0,1,0,1,0,0,0,0,1,1,0,0,0,1,0
352,15.05,37.03,Left,6,0,0,1,0,0,1,0,0,0,0,1,0,0,1,0,0,1,1,0,0
353,16.04,42.05,Stay,7,0,1,0,1,0,1,0,0,0,0,0,1,0,1,0,0,1,0,1,0
354,4.04,26.09,Stay,5,0,1,0,1,0,0,1,0,1,0,0,0,0,1,1,0,0,1,0,0
355,7.03,30.04,Left,5,0,1,1,0,0,0,1,0,0,1,0,0,0,1,1,0,0,0,1,0
356,5.1,26.1,Left,5,1,0,1,0,0,1,0,0,1,0,0,0,0,1,1,0,0,1,0,0
357,8.04,29.06,Stay,5,1,1,0,1,0,0,1,0,0,1,0,0,0,1,1,0,0,0,1,0
358,8.04,32.05,Stay,7,1,0,0,1,0,1,0,0,0,1,0,0,0,1,1,0,0,0,1,0
359,5.08,28.03,Left,6,1,0,0,1,0,0,1,0,1,0,0,0,0,1,1,0,0,1,0,0
360,8.01,32.07,Stay,6,1,1,0,1,0,1,0,0,0,1,0,0,0,1,1,0,0,0,1,0
361,2.04,24.08,Stay,1,0,1,0,1,0,0,1,0,1,0,0,0,0,1,1,0,0,1,0,0
362,4.07,27.02,Left,6,1,0,0,1,0,0,1,0,1,0,0,0,0,1,1,0,0,0,1,0
363,4.06,29.09,Left,0,1,0,0,1,0,0,1,0,1,0,0,0,0,1,1,0,0,1,0,0
364,15.04,37.02,Stay,5,1,0,0,1,0,1,0,0,0,0,1,0,0,1,1,0,0,0,1,0
365,6.04,31.03,Left,3,1,0,0,1,0,1,0,0,1,0,0,0,0,1,1,0,0,0,1,0
366,2.0,23.02,Stay,7,0,1,0,1,0,0,1,0,1,0,0,0,0,1,1,0,0,1,0,0
367,6.0,30.04,Stay,6,1,1,0,1,0,1,0,0,1,0,0,0,0,1,0,0,1,0,1,0
368,2.06,26.1,Left,5,1,0,0,1,0,1,0,0,1,0,0,0,0,1,1,0,0,1,0,0
369,3.1,26.09,Left,4,1,0,0,1,0,0,1,0,1,0,0,0,0,1,1,0,0,0,1,0
370,2.05,23.07,Stay,4,1,1,0,0,1,0,1,0,1,0,0,0,0,1,1,0,0,0,1,0
371,4.0,26.1,Stay,7,0,1,0,1,0,0,1,0,1,0,0,0,0,1,1,0,0,0,1,0
372,4.0,26.05,Stay,0,0,1,0,1,0,0,1,0,1,0,0,0,0,1,1,0,0,0,1,0
373,8.0,35.07,Stay,7,1,1,1,0,0,1,0,0,0,1,0,0,0,1,1,0,0,0,1,0
374,4.06,24.09,Stay,6,1,0,1,0,0,0,1,0,0,1,0,0,0,1,1,0,0,0,1,0
375,5.0,27.06,Left,6,1,0,0,1,0,0,1,0,0,1,0,0,0,1,1,0,0,1,0,0
376,5.04,31.1,Left,7,1,0,0,1,0,1,0,0,0,1,0,0,0,1,1,0,0,0,1,0
377,10.07,37.06,Stay,5,1,0,0,1,0,1,0,0,0,1,0,0,0,1,1,0,0,1,0,0
378,6.0,28.11,Left,5,1,0,0,1,0,0,1,0,1,0,0,0,0,1,1,0,0,0,1,0
379,4.05,27.08,Stay,6,1,0,0,1,0,0,1,0,1,0,0,0,0,1,1,0,0,1,0,0
380,5.05,28.02,Stay,7,1,0,0,1,0,1,0,0,1,0,0,0,0,1,1,0,0,0,1,0
381,4.11,27.03,Left,6,1,0,0,1,0,0,1,0,1,0,0,0,0,1,1,0,0,0,1,0
382,9.04,31.01,Stay,7,0,1,0,1,0,1,0,0,0,1,0,0,0,1,1,0,0,1,0,0
383,4.09,26.08,Stay,7,1,0,0,1,0,1,0,0,0,1,0,0,0,1,1,0,0,1,0,0
384,5.07,27.07,Left,2,1,0,0,1,0,1,0,0,1,0,0,0,0,1,1,0,0,0,1,0
385,3.06,26.1,Stay,5,1,1,0,1,0,0,1,0,1,0,0,0,0,1,1,0,0,0,1,0
386,5.1,28.02,Left,4,0,1,0,1,0,1,0,0,1,0,0,0,0,1,1,0,0,0,1,0
387,5.1,29.04,Stay,6,1,1,0,0,1,1,0,0,0,1,0,0,0,1,1,0,0,1,0,0
388,7.05,30.02,Stay,6,0,1,0,1,0,0,1,0,0,1,0,0,0,1,1,0,0,0,1,0
389,8.07,37.04,Stay,6,1,0,0,1,0,1,0,0,0,0,1,0,0,1,0,0,1,0,1,0
390,6.07,28.09,Stay,6,0,1,0,1,0,0,1,0,1,0,0,0,0,1,1,0,0,1,0,0
391,2.04,24.05,Left,6,1,0,0,1,0,0,1,0,1,0,0,0,0,1,1,0,0,1,0,0
392,3.11,25.09,Stay,7,0,1,0,1,0,0,1,0,1,0,0,0,0,1,1,0,0,1,0,0
393,6.02,29.07,Stay,5,1,0,0,1,0,1,0,0,0,1,0,0,0,1,1,0,0,1,0,0
394,2.01,25.11,Left,5,1,0,0,1,0,0,1,0,1,0,0,0,0,1,1,0,0,0,1,0
395,6.03,31.07,Stay,5,1,0,0,1,0,1,0,0,0,1,0,0,0,1,1,0,0,0,1,0
396,8.11,31.04,Stay,4,1,0,0,1,0,1,0,0,0,1,0,0,0,1,1,0,0,0,1,0
397,18.05,47.09,Stay,7,1,0,0,1,0,1,0,0,0,0,0,1,0,1,1,0,0,0,1,0
398,4.1,29.02,Stay,6,0,1,0,1,0,0,1,0,1,0,0,0,0,1,1,0,0,0,1,0
399,2.0,24.05,Stay,6,0,1,0,1,0,0,1,0,1,0,0,0,0,1,0,0,1,1,0,0
400,6.04,29.09,Stay,3,1,1,0,1,0,0,1,0,1,0,0,0,0,1,1,0,0,0,1,0
401,4.08,27.08,Stay,4,0,1,0,1,0,0,1,0,1,0,0,0,0,1,1,0,0,0,1,0
402,5.0,29.02,Stay,3,0,1,0,1,0,1,0,0,1,0,0,0,0,1,1,0,0,0,1,0
403,1.05,24.02,Left,2,1,0,0,1,0,0,1,0,1,0,0,0,0,1,1,0,0,1,0,0
404,9.06,32.07,Stay,5,0,1,0,1,0,1,0,0,0,1,0,0,0,1,1,0,0,0,1,0
405,4.01,28.05,Stay,5,1,1,0,1,0,0,1,0,0,1,0,0,0,1,1,0,0,0,1,0
406,3.0,25.09,Stay,4,0,1,0,1,0,0,1,0,1,0,0,0,0,1,1,0,0,0,1,0
407,5.01,26.08,Stay,7,0,1,0,0,1,0,1,0,1,0,0,0,0,1,1,0,0,1,0,0
408,4.03,24.09,Left,7,1,0,0,1,0,0,1,0,1,0,0,0,0,1,0,0,1,0,1,0
409,13.05,37.08,Stay,6,0,1,0,0,1,1,0,0,0,0,1,0,0,1,1,0,0,0,1,0
410,21.06,45.05,Stay,6,1,1,0,1,0,1,0,0,0,0,0,1,0,1,0,0,1,0,1,0
411,5.1,28.06,Stay,6,0,1,0,1,0,0,1,0,1,0,0,0,0,1,1,0,0,0,1,0
412,5.02,31.03,Left,7,1,0,0,1,0,1,0,0,1,0,0,0,0,1,0,0,1,0,1,0
413,4.09,28.05,Stay,6,0,1,0,1,0,0,1,0,1,0,0,0,0,1,1,0,0,1,0,0
414,3.08,30.1,Left,6,1,0,0,1,0,0,1,0,1,0,0,0,0,1,1,0,0,1,0,0
415,6.05,27.03,Left,5,0,0,0,1,0,0,1,0,0,1,0,0,0,1,1,0,0,1,0,0
416,2.04,24.02,Left,6,1,0,0,1,0,0,1,0,1,0,0,0,0,1,1,0,0,0,1,0
417,3.11,26.11,Stay,4,0,1,0,1,0,0,1,0,1,0,0,0,0,1,1,0,0,0,1,0
418,6.05,29.01,Stay,6,0,1,1,0,0,0,1,0,0,1,0,0,0,1,1,0,0,0,1,0
419,9.02,30.07,Stay,1,1,0,0,1,0,1,0,0,0,1,0,0,0,1,1,0,0,0,1,0
420,13.08,37.09,Stay,3,1,0,0,1,0,1,0,0,0,0,0,1,0,1,1,0,0,0,1,0
421,5.11,28.04,Left,5,1,0,0,1,0,0,1,0,1,0,0,0,0,1,1,0,0,0,1,0
422,6.05,30.04,Stay,6,1,1,0,1,0,0,1,0,0,1,0,0,0,1,1,0,0,1,0,0
423,4.04,26.03,Stay,6,1,0,0,1,0,0,1,0,1,0,0,0,0,1,0,0,1,1,0,0
424,5.07,28.0,Stay,7,1,1,0,1,0,0,1,0,1,0,0,0,0,1,1,0,0,0,1,0
425,1.05,23.12,Stay,6,0,1,0,1,0,0,1,0,1,0,0,0,0,1,1,0,0,0,1,0
426,13.1,37.11,Stay,7,1,0,0,1,0,1,0,0,0,0,1,0,0,1,1,0,0,0,1,0
427,6.11,28.05,Left,7,0,0,0,1,0,0,1,0,0,1,0,0,0,1,1,0,0,0,1,0
428,5.02,27.04,Stay,3,1,0,1,0,0,0,1,0,1,0,0,0,0,1,1,0,0,0,1,0
429,5.01,26.07,Stay,4,1,0,0,1,0,1,0,0,1,0,0,0,0,1,1,0,0,1,0,0
430,4.06,31.06,Stay,7,1,0,0,1,0,1,0,0,1,0,0,0,0,1,1,0,0,0,1,0
431,4.06,26.01,Stay,7,1,1,0,1,0,0,1,0,1,0,0,0,0,1,1,0,0,0,1,0
432,4.06,27.06,Left,3,0,0,0,1,0,0,1,0,1,0,0,0,0,1,1,0,0,0,1,0
433,5.1,27.1,Stay,5,0,1,0,1,0,0,1,0,0,1,0,0,0,1,1,0,0,1,0,0
434,5.02,27.07,Left,6,1,0,0,1,0,0,1,0,0,1,0,0,0,1,1,0,0,0,1,0
435,3.0,25.02,Left,6,1,0,0,1,0,0,1,0,1,0,0,0,0,1,1,0,0,1,0,0
436,2.11,25.07,Stay,5,0,1,0,1,0,1,0,0,1,0,0,0,0,1,1,0,0,1,0,0
437,4.08,26.08,Left,5,1,0,0,1,0,0,1,0,1,0,0,0,0,1,1,0,0,0,1,0
438,7.09,33.08,Stay,2,1,1,0,1,0,1,0,0,0,1,0,0,0,1,1,0,0,0,1,0
439,7.08,28.02,Stay,5,1,0,0,1,0,0,1,0,1,0,0,0,0,1,1,0,0,0,1,0
440,3.07,28.01,Left,7,1,0,0,1,0,0,1,0,0,1,0,0,0,1,0,1,0,1,0,0
441,4.1,28.07,Stay,7,0,1,0,1,0,0,1,0,1,0,0,0,0,1,1,0,0,0,1,0
442,1.07,25.11,Stay,6,0,1,0,1,0,0,1,0,0,1,0,0,0,1,1,0,0,0,1,0
443,7.06,34.06,Stay,5,0,1,1,0,0,1,0,0,0,1,0,0,0,1,1,0,0,0,1,0
444,3.08,26.08,Left,1,1,0,0,1,0,0,1,0,1,0,0,0,0,1,1,0,0,0,1,0
445,2.08,25.04,Left,0,0,0,0,1,0,0,1,0,1,0,0,0,0,1,1,0,0,1,0,0
446,11.06,32.0,Stay,6,1,1,0,0,1,1,0,0,0,0,0,1,0,1,0,1,0,0,1,0
447,8.06,31.05,Stay,6,0,1,0,1,0,1,0,0,0,0,1,0,0,1,1,0,0,0,1,0
448,3.02,28.01,Left,7,1,0,0,1,0,0,1,0,1,0,0,0,0,1,1,0,0,0,1,0
449,5.0,28.11,Left,7,1,1,0,1,0,0,1,0,1,0,0,0,0,1,1,0,0,1,0,0
450,5.1,28.03,Stay,5,1,1,0,1,0,1,0,0,0,1,0,0,0,1,1,0,0,0,1,0
451,4.06,28.05,Left,5,1,0,0,1,0,0,1,0,0,1,0,0,0,1,1,0,0,0,1,0
452,8.07,30.11,Stay,5,1,0,0,1,0,1,0,0,0,1,0,0,0,1,1,0,0,0,1,0
453,4.03,29.05,Left,3,1,0,0,1,0,0,1,0,1,0,0,0,0,1,1,0,0,1,0,0
454,3.11,28.03,Stay,7,1,1,0,0,1,1,0,0,0,1,0,0,0,1,1,0,0,0,1,0
455,11.07,38.06,Stay,6,0,1,0,1,0,1,0,0,0,0,1,0,0,1,1,0,0,0,1,0
456,1.08,28.05,Stay,7,1,1,0,1,0,1,0,0,1,0,0,0,0,1,1,0,0,1,0,0
457,6.07,27.06,Stay,6,1,1,0,1,0,0,1,0,0,1,0,0,0,1,1,0,0,0,1,0
458,2.07,25.12,Stay,5,0,1,0,1,0,0,1,0,1,0,0,0,0,1,1,0,0,0,1,0
459,4.06,26.11,Stay,5,1,1,0,0,1,0,1,0,1,0,0,0,0,1,1,0,0,0,1,0
460,9.01,32.06,Stay,6,0,1,0,1,0,1,0,0,0,1,0,0,0,1,1,0,0,0,1,0
461,4.01,28.08,Left,0,0,0,0,1,0,0,1,0,1,0,0,0,0,1,1,0,0,0,1,0
462,6.03,28.03,Stay,6,0,0,0,1,0,0,1,0,0,1,0,0,0,1,1,0,0,0,1,0
463,6.02,28.09,Stay,2,0,0,0,1,0,1,0,0,1,0,0,0,0,1,1,0,0,0,1,0
464,1.07,27.04,Left,6,1,0,0,1,0,0,1,0,0,0,0,1,0,1,0,0,1,0,1,0
465,5.07,27.04,Left,7,1,0,0,1,0,0,1,0,1,0,0,0,0,1,1,0,0,0,1,0
466,11.02,33.08,Stay,5,1,0,0,1,0,1,0,0,0,1,0,0,0,1,1,0,0,1,0,0
467,6.02,41.04,Stay,7,1,1,0,1,0,1,0,0,0,1,0,0,0,1,1,0,0,0,1,0
468,5.03,28.07,Left,7,1,0,0,1,0,0,1,0,1,0,0,0,0,1,1,0,0,0,1,0
469,7.09,32.04,Stay,7,1,0,0,1,0,1,0,0,0,1,0,0,0,1,1,0,0,0,1,0
470,1.07,29.03,Left,2,1,0,0,1,0,0,1,0,1,0,0,0,0,1,1,0,0,0,1,0
471,5.0,26.07,Stay,7,1,0,0,1,0,1,0,0,1,0,0,0,0,1,1,0,0,1,0,0
472,1.07,25.03,Stay,7,0,1,0,1,0,1,0,0,1,0,0,0,0,1,1,0,0,1,0,0
473,7.08,31.09,Stay,3,1,1,0,1,0,1,0,0,0,1,0,0,0,1,1,0,0,0,1,0
474,3.08,26.11,Left,7,1,0,0,1,0,0,1,0,1,0,0,0,0,1,1,0,0,0,1,0
475,7.1,35.06,Stay,7,1,0,0,1,0,1,0,0,0,1,0,0,0,1,1,0,0,0,1,0
476,1.08,23.1,Left,5,1,0,0,1,0,0,1,0,1,0,0,0,0,1,1,0,0,1,0,0
477,6.09,35.11,Stay,4,1,0,0,1,0,1,0,0,1,0,0,0,0,1,1,0,0,0,1,0
478,2.11,26.12,Left,6,1,0,0,1,0,1,0,0,1,0,0,0,0,1,0,0,1,1,0,0
479,4.08,30.05,Stay,2,1,1,0,1,0,0,1,0,1,0,0,0,0,1,1,0,0,0,1,0
480,7.11,29.06,Stay,2,1,1,0,1,0,0,1,0,0,1,0,0,0,1,1,0,0,0,1,0
481,6.11,27.08,Stay,2,1,1,0,1,0,0,1,0,1,0,0,0,0,1,1,0,0,0,1,0
482,7.03,30.11,Stay,6,1,0,0,1,0,1,0,0,0,1,0,0,0,1,1,0,0,0,1,0
483,1.08,24.01,Left,6,1,0,0,1,0,1,0,0,0,0,0,1,0,1,0,0,1,1,0,0
484,6.08,28.03,Stay,1,1,0,0,1,0,0,1,0,1,0,0,0,0,1,0,0,1,0,1,0
485,5.04,35.08,Stay,5,1,0,1,0,0,1,0,0,0,1,0,0,0,1,1,0,0,0,1,0
486,11.08,38.07,Stay,4,1,1,0,0,1,1,0,0,0,0,1,0,0,1,1,0,0,0,1,0
487,5.01,29.05,Stay,6,1,1,0,1,0,1,0,0,1,0,0,0,0,1,0,0,1,0,1,0
488,2.08,25.11,Left,3,1,0,0,1,0,0,1,0,1,0,0,0,0,1,1,0,0,1,0,0
489,3.08,26.1,Stay,6,0,1,0,1,0,0,1,0,1,0,0,0,0,1,1,0,0,0,1,0
490,2.1,25.09,Stay,5,1,1,0,1,0,0,1,0,1,0,0,0,0,1,1,0,0,1,0,0
491,3.1,27.07,Left,4,1,0,0,1,0,0,1,0,1,0,0,0,0,1,1,0,0,0,1,0
492,1.09,24.05,Left,6,1,0,0,1,0,0,1,0,1,0,0,0,0,1,1,0,0,1,0,0
493,4.09,25.1,Stay,5,1,1,0,1,0,0,1,0,1,0,0,0,0,1,1,0,0,0,1,0
494,5.03,27.05,Stay,7,0,1,0,1,0,0,1,0,1,0,0,0,0,1,1,0,0,1,0,0
495,6.11,27.05,Stay,5,0,0,0,0,1,1,0,0,1,0,0,0,0,1,1,0,0,1,0,0
496,2.1,25.02,Stay,5,0,1,0,1,0,0,1,0,1,0,0,0,0,1,1,0,0,1,0,0
497,6.04,30.03,Stay,7,0,1,0,1,0,0,1,0,1,0,0,0,0,1,1,0,0,0,1,0
498,8.02,33.08,Stay,6,1,1,0,1,0,1,0,0,0,1,0,0,0,1,1,0,0,0,1,0
499,6.02,29.11,Stay,5,1,0,0,1,0,0,1,0,0,1,0,0,0,1,1,0,0,1,0,0
500,5.09,28.03,Left,5,1,0,1,0,0,1,0,0,1,0,0,0,0,1,1,0,0,0,1,0
501,3.04,27.06,Left,7,1,0,0,1,0,0,1,0,1,0,0,0,0,1,0,0,1,0,1,0
502,5.11,29.08,Left,7,1,0,0,1,0,0,1,0,1,0,0,0,0,1,1,0,0,0,1,0
503,4.05,33.07,Stay,3,1,1,0,1,0,1,0,0,1,0,0,0,0,1,1,0,0,0,1,0
504,7.0,30.11,Stay,7,1,1,0,1,0,0,1,0,1,0,0,0,0,1,1,0,0,0,1,0
505,7.11,35.04,Stay,6,1,1,0,1,0,1,0,0,1,0,0,0,0,1,1,0,0,0,1,0
506,11.09,36.07,Stay,5,0,1,1,0,0,1,0,0,0,1,0,0,0,1,1,0,0,0,1,0
507,3.08,26.06,Left,7,1,0,0,1,0,0,1,0,1,0,0,0,0,1,1,0,0,0,1,0
508,11.1,43.1,Stay,5,1,0,1,0,0,1,0,0,0,0,1,0,0,1,1,0,0,0,1,0
509,1.1,23.06,Left,7,1,0,0,1,0,0,1,0,1,0,0,0,0,1,1,0,0,1,0,0
510,3.02,28.02,Stay,6,1,1,0,1,0,0,1,0,1,0,0,0,0,1,1,0,0,0,1,0
511,1.1,23.08,Stay,5,0,1,0,1,0,0,1,0,1,0,0,0,0,1,1,0,0,0,1,0
512,3.03,26.07,Stay,7,0,1,0,1,0,0,1,0,0,1,0,0,0,1,1,0,0,0,1,0
513,3.0,24.12,Stay,6,0,1,0,1,0,0,1,0,1,0,0,0,0,1,1,0,0,0,1,0
514,5.09,27.07,Stay,6,0,1,0,1,0,0,1,0,0,1,0,0,0,1,1,0,0,0,1,0
515,5.01,27.07,Left,7,1,1,0,1,0,0,1,0,1,0,0,0,0,1,1,0,0,0,1,0
516,5.06,29.03,Stay,4,1,1,0,1,0,1,0,0,1,0,0,0,0,1,1,0,0,0,1,0
517,21.05,46.05,Stay,3,1,1,0,1,0,1,0,0,0,0,0,1,0,1,1,0,0,0,1,0
518,5.02,26.08,Left,5,1,0,0,1,0,0,1,0,1,0,0,0,0,1,1,0,0,0,1,0
519,5.1,27.12,Left,6,1,0,0,1,0,0,1,0,1,0,0,0,0,1,1,0,0,0,1,0
520,6.0,26.06,Stay,5,1,0,0,1,0,0,1,0,0,1,0,0,0,1,1,0,0,0,1,0
521,2.0,29.02,Left,5,1,0,0,1,0,1,0,0,1,0,0,0,0,1,1,0,0,1,0,0
522,4.0,36.09,Stay,5,1,1,0,1,0,1,0,0,1,0,0,0,0,1,1,0,0,1,0,0
523,4.11,28.03,Left,7,1,0,0,1,0,1,0,0,0,1,0,0,0,1,1,0,0,1,0,0
524,9.1,32.07,Stay,7,1,1,0,1,0,0,1,0,0,0,1,0,0,1,1,0,0,0,1,0
525,4.02,26.08,Stay,5,1,0,0,0,1,1,0,0,1,0,0,0,0,1,1,0,0,1,0,0
526,7.03,31.0,Stay,0,1,0,0,1,0,1,0,0,0,1,0,0,0,1,1,0,0,1,0,0
527,11.03,44.04,Stay,1,0,1,0,1,0,1,0,0,0,1,0,0,0,1,1,0,0,0,1,0
528,2.0,24.04,Left,5,1,0,0,1,0,0,1,0,1,0,0,0,0,1,1,0,0,0,1,0
529,2.0,26.03,Left,4,1,0,0,1,0,0,1,0,1,0,0,0,0,1,1,0,0,0,1,0
530,2.0,30.06,Stay,5,1,0,0,1,0,0,1,0,1,0,0,0,0,1,1,0,0,1,0,0
531,9.08,31.05,Stay,4,0,1,1,0,0,1,0,0,0,1,0,0,0,1,1,0,0,1,0,0
532,5.07,29.1,Stay,7,1,1,0,1,0,0,1,0,1,0,0,0,0,1,1,0,0,0,1,0
533,4.02,28.03,Stay,4,0,1,0,1,0,0,1,0,1,0,0,0,0,1,1,0,0,0,1,0
534,5.06,27.07,Left,7,1,0,0,1,0,0,1,0,1,0,0,0,0,1,1,0,0,0,1,0
535,9.04,31.03,Stay,6,0,1,0,1,0,1,0,0,0,0,0,1,0,1,1,0,0,1,0,0
536,8.03,31.05,Stay,6,1,1,0,0,1,1,0,0,0,1,0,0,0,1,1,0,0,0,1,0
537,9.0,30.11,Stay,5,1,1,1,0,0,1,0,0,0,1,0,0,0,1,1,0,0,0,1,0
538,5.02,26.06,Left,5,1,0,0,1,0,0,1,0,1,0,0,0,0,1,1,0,0,0,1,0
539,3.07,30.06,Left,3,1,0,0,1,0,0,1,0,1,0,0,0,0,1,1,0,0,0,1,0
540,2.0,27.03,Stay,6,1,1,0,1,0,0,1,0,1,0,0,0,0,1,1,0,0,1,0,0
541,2.0,24.05,Stay,7,1,1,0,1,0,1,0,0,1,0,0,0,0,1,1,0,0,1,0,0
542,2.01,24.09,Stay,5,1,1,0,1,0,0,1,0,1,0,0,0,0,1,1,0,0,0,1,0
543,1.11,25.11,Stay,6,0,1,0,1,0,0,1,0,1,0,0,0,0,1,1,0,0,0,1,0
544,4.02,28.06,Left,3,0,0,0,0,1,0,1,0,1,0,0,0,0,1,1,0,0,0,1,0
545,5.08,28.02,Left,7,1,0,0,1,0,0,1,0,1,0,0,0,0,1,1,0,0,0,1,0
546,3.05,25.05,Stay,3,0,1,0,0,1,0,1,0,1,0,0,0,0,1,1,0,0,0,1,0
547,12.02,36.1,Stay,4,0,1,0,1,0,1,0,0,0,1,0,0,0,1,1,0,0,0,1,0
548,3.04,27.02,Stay,6,1,1,0,1,0,0,1,0,1,0,0,0,0,1,1,0,0,1,0,0
549,8.0,30.1,Stay,5,0,1,0,1,0,0,1,0,0,1,0,0,0,1,1,0,0,0,1,0
550,2.0,25.1,Left,6,1,0,0,1,0,0,1,0,1,0,0,0,0,1,1,0,0,0,1,0
551,2.01,28.01,Stay,6,0,1,0,1,0,0,1,0,1,0,0,0,0,1,1,0,0,0,1,0
552,2.02,24.11,Stay,5,0,1,0,1,0,0,1,0,1,0,0,0,0,1,1,0,0,0,1,0
553,2.02,24.07,Left,4,1,0,0,1,0,0,1,0,1,0,0,0,0,1,1,0,0,0,1,0
554,2.01,25.07,Stay,4,0,1,0,1,0,0,1,0,1,0,0,0,0,1,1,0,0,0,1,0
555,6.08,31.0,Stay,6,1,0,0,1,0,1,0,0,1,0,0,0,0,1,1,0,0,0,1,0
556,8.03,32.11,Stay,6,0,1,0,1,0,1,0,0,0,1,0,0,0,1,1,0,0,0,1,0
557,9.0,30.06,Stay,5,1,0,0,1,0,0,1,0,0,1,0,0,0,1,1,0,0,0,1,0
558,2.02,25.03,Stay,5,0,1,0,1,0,0,1,0,1,0,0,0,0,1,1,0,0,0,1,0
559,2.02,28.07,Stay,6,1,0,0,1,0,1,0,0,1,0,0,0,0,1,1,0,0,0,1,0
560,2.01,26.02,Left,7,0,0,0,1,0,0,1,0,1,0,0,0,0,1,1,0,0,0,1,0
561,2.02,26.06,Stay,7,1,0,0,1,0,1,0,0,1,0,0,0,0,1,1,0,0,1,0,0
562,2.02,27.09,Stay,7,0,1,0,1,0,0,1,0,1,0,0,0,0,1,1,0,0,0,1,0
563,9.05,35.02,Stay,7,0,0,0,0,1,0,1,0,0,1,0,0,0,1,1,0,0,1,0,0
564,3.04,25.11,Left,7,1,0,0,1,0,0,1,0,1,0,0,0,0,1,1,0,0,0,1,0
565,2.0,27.05,Stay,7,1,1,0,1,0,0,1,0,1,0,0,0,0,1,1,0,0,0,1,0
566,2.0,23.07,Stay,7,1,1,0,1,0,0,1,0,1,0,0,0,0,1,1,0,0,0,1,0
567,7.0,32.1,Stay,7,1,1,0,1,0,1,0,0,0,0,1,0,0,1,1,0,0,0,1,0
568,5.02,26.07,Left,2,1,0,0,1,0,0,1,0,1,0,0,0,0,1,1,0,0,0,1,0
569,10.0,31.12,Stay,2,1,1,0,1,0,1,0,0,0,1,0,0,0,1,1,0,0,0,1,0
570,6.0,29.05,Stay,5,0,1,0,1,0,0,1,0,1,0,0,0,0,1,1,0,0,0,1,0
571,6.01,29.1,Stay,6,1,1,0,0,1,0,1,0,0,1,0,0,0,1,1,0,0,1,0,0
572,3.0,28.06,Stay,6,0,1,0,1,0,0,1,0,1,0,0,0,0,1,1,0,0,0,1,0
573,7.03,31.07,Stay,5,1,1,1,0,0,0,1,0,0,1,0,0,0,1,1,0,0,0,1,0
574,2.08,25.07,Left,5,1,0,0,1,0,0,1,0,1,0,0,0,0,1,1,0,0,0,1,0
575,4.07,29.1,Left,4,1,0,0,1,0,0,1,0,0,1,0,0,0,1,0,0,1,0,1,0
576,9.09,32.1,Stay,3,1,0,0,1,0,0,1,0,0,1,0,0,0,1,1,0,0,0,1,0
577,24.01,52.06,Stay,5,0,1,0,1,0,1,0,0,0,1,0,0,0,1,1,0,0,0,1,0
578,7.01,37.05,Stay,7,0,1,0,1,0,1,0,0,1,0,0,0,0,1,1,0,0,1,0,0
579,6.01,28.07,Stay,6,1,0,0,1,0,1,0,0,0,1,0,0,0,1,0,1,0,1,0,0
580,9.07,32.07,Stay,7,1,0,0,1,0,0,1,0,0,1,0,0,0,1,1,0,0,0,1,0
581,2.04,27.06,Stay,5,0,1,0,1,0,0,1,0,1,0,0,0,0,1,1,0,0,0,1,0
582,2.02,24.09,Stay,7,1,1,0,1,0,0,1,0,1,0,0,0,0,1,1,0,0,1,0,0
583,2.02,24.06,Stay,4,1,1,0,1,0,0,1,0,1,0,0,0,0,1,1,0,0,0,1,0
584,2.04,25.09,Stay,3,1,1,0,1,0,0,1,0,1,0,0,0,0,1,1,0,0,0,1,0
585,2.03,25.02,Stay,6,1,1,0,1,0,1,0,0,1,0,0,0,0,1,1,0,0,0,1,0
586,2.02,26.04,Stay,6,0,1,0,1,0,0,1,0,1,0,0,0,0,1,1,0,0,1,0,0
587,2.04,27.02,Stay,3,0,1,0,1,0,0,1,0,1,0,0,0,0,1,1,0,0,0,1,0
588,3.05,26.1,Left,6,0,0,1,0,0,0,1,0,1,0,0,0,0,1,1,0,0,1,0,0
589,8.1,39.04,Stay,1,1,1,0,1,0,1,0,0,0,1,0,0,0,1,1,0,0,0,1,0
590,2.02,24.12,Stay,6,0,1,0,1,0,0,1,0,1,0,0,0,0,1,1,0,0,0,1,0
591,10.01,33.08,Stay,7,1,1,0,1,0,1,0,0,0,0,1,0,0,1,1,0,0,0,1,0
592,2.08,24.05,Stay,7,0,1,0,1,0,0,1,0,1,0,0,0,0,1,1,0,0,0,1,0
593,6.03,28.01,Stay,1,1,1,0,0,1,0,1,0,1,0,0,0,0,1,1,0,0,0,1,0
594,2.01,27.05,Left,5,1,0,0,1,0,0,1,0,1,0,0,0,0,1,1,0,0,0,1,0
595,2.02,25.04,Stay,6,1,0,0,1,0,0,1,0,1,0,0,0,0,1,1,0,0,1,0,0
596,6.07,30.11,Stay,7,1,0,0,1,0,0,1,0,1,0,0,0,0,1,1,0,0,0,1,0
597,5.01,29.09,Stay,5,1,1,0,1,0,0,1,0,1,0,0,0,0,1,1,0,0,0,1,0
598,2.02,27.01,Stay,7,1,1,0,1,0,0,1,0,1,0,0,0,0,1,1,0,0,0,1,0
599,2.02,26.11,Stay,6,1,1,0,1,0,1,0,0,1,0,0,0,0,1,1,0,0,1,0,0
600,2.03,29.07,Stay,7,1,1,0,1,0,1,0,0,1,0,0,0,0,1,1,0,0,0,1,0
601,2.02,26.04,Left,7,1,0,0,1,0,0,1,0,1,0,0,0,0,1,1,0,0,1,0,0
602,10.01,34.05,Stay,5,1,0,0,1,0,1,0,0,0,1,0,0,0,1,1,0,0,1,0,0
603,9.01,37.02,Stay,6,1,1,0,0,1,1,0,0,0,1,0,0,0,1,1,0,0,0,1,0
604,5.1,31.02,Left,7,1,0,0,0,1,0,1,0,1,0,0,0,0,1,1,0,0,0,1,0
605,2.02,27.0,Stay,6,1,0,0,1,0,0,1,0,0,1,0,0,0,1,0,0,1,1,0,0
606,8.01,28.06,Stay,6,0,1,0,0,1,1,0,0,0,1,0,0,0,1,1,0,0,0,1,0
607,2.03,24.06,Left,7,1,0,0,1,0,0,1,0,1,0,0,0,0,1,1,0,0,0,1,0
608,2.03,26.03,Left,7,0,0,0,1,0,1,0,0,1,0,0,0,0,1,1,0,0,0,1,0
609,2.03,24.04,Stay,7,1,1,0,1,0,0,1,0,1,0,0,0,0,1,1,0,0,0,1,0
610,2.03,24.12,Stay,7,1,1,0,1,0,0,1,0,1,0,0,0,0,1,1,0,0,0,1,0
611,2.03,25.03,Left,5,1,0,0,1,0,0,1,0,1,0,0,0,0,1,1,0,0,1,0,0
612,2.03,29.09,Stay,5,0,1,0,1,0,1,0,0,1,0,0,0,0,1,1,0,0,0,1,0
613,2.02,23.11,Stay,3,1,1,0,1,0,0,1,0,1,0,0,0,0,1,1,0,0,1,0,0
614,7.04,30.01,Stay,7,1,0,0,0,1,0,1,0,0,1,0,0,0,1,1,0,0,0,1,0
615,6.07,30.12,Stay,7,0,1,0,0,1,1,0,0,1,0,0,0,0,1,1,0,0,0,1,0
616,2.02,27.1,Left,6,1,0,0,1,0,0,1,0,1,0,0,0,0,1,1,0,0,0,1,0
617,2.02,25.1,Left,6,1,0,0,1,0,1,0,0,0,0,0,1,0,1,1,0,0,1,0,0
618,2.02,24.01,Stay,7,0,1,0,1,0,0,1,0,1,0,0,0,0,1,1,0,0,1,0,0
619,2.02,27.09,Stay,7,0,1,0,1,0,1,0,0,0,0,0,1,0,1,1,0,0,1,0,0
620,4.1,27.07,Left,7,1,0,0,1,0,1,0,0,1,0,0,0,0,1,1,0,0,0,1,0
621,12.02,36.0,Stay,6,1,0,0,1,0,1,0,0,0,1,0,0,0,1,0,0,1,0,1,0
622,4.11,28.09,Left,3,1,0,0,1,0,0,1,0,1,0,0,0,0,1,1,0,0,0,1,0
623,4.03,26.07,Stay,6,0,1,0,0,1,1,0,0,1,0,0,0,0,1,1,0,0,0,1,0
624,4.09,27.06,Stay,7,1,1,0,1,0,0,1,0,1,0,0,0,0,1,1,0,0,1,0,0
625,3.06,25.02,Left,6,0,0,0,1,0,0,1,0,1,0,0,0,0,1,1,0,0,0,1,0
626,8.02,37.05,Stay,5,0,1,0,1,0,1,0,0,0,0,1,0,0,1,1,0,0,0,1,0
627,2.03,25.1,Stay,7,0,1,0,1,0,0,1,0,1,0,0,0,0,1,1,0,0,0,1,0
628,2.04,26.04,Left,5,0,0,0,1,0,0,1,0,1,0,0,0,0,1,1,0,0,0,1,0
629,2.04,27.1,Left,4,0,0,0,1,0,0,1,0,1,0,0,0,0,1,1,0,0,0,1,0
630,2.04,27.01,Left,6,1,0,0,1,0,1,0,0,1,0,0,0,0,1,1,0,0,1,0,0
631,2.05,28.01,Stay,6,0,1,0,1,0,0,1,0,1,0,0,0,0,1,1,0,0,0,1,0
632,2.03,24.09,Left,7,1,0,0,1,0,0,1,0,1,0,0,0,0,1,1,0,0,0,1,0
633,2.03,26.0,Stay,7,1,1,0,1,0,0,1,0,1,0,0,0,0,1,1,0,0,0,1,0
634,11.02,40.08,Stay,3,0,1,0,1,0,1,0,0,0,0,1,0,0,1,1,0,0,0,1,0
635,6.05,30.03,Stay,6,0,1,0,1,0,1,0,0,1,0,0,0,0,1,0,0,1,0,1,0
636,6.05,30.03,Left,6,0,0,0,1,0,1,0,0,1,0,0,0,0,1,1,0,0,1,0,0
637,6.11,29.06,Stay,1,0,1,0,0,1,1,0,0,0,1,0,0,0,1,1,0,0,0,1,0
638,4.02,25.06,Stay,5,0,1,0,1,0,0,1,0,1,0,0,0,0,1,1,0,0,1,0,0
639,6.04,29.04,Left,7,0,0,0,1,0,1,0,0,0,1,0,0,0,1,1,0,0,0,1,0
640,11.03,39.01,Stay,6,0,1,0,0,1,0,0,1,0,0,1,0,0,1,1,0,0,0,1,0
641,5.1,34.07,Left,6,0,1,0,1,0,0,1,0,0,1,0,0,0,1,1,0,0,0,1,0
642,6.05,27.06,Stay,7,0,0,0,1,0,1,0,0,1,0,0,0,0,1,1,0,0,0,1,0
643,5.09,30.09,Stay,7,1,1,0,1,0,1,0,0,1,0,0,0,0,1,1,0,0,0,1,0
644,7.03,29.07,Stay,7,0,1,0,1,0,1,0,0,0,1,0,0,0,1,1,0,0,1,0,0
645,4.07,27.04,Stay,7,0,1,0,1,0,0,1,0,1,0,0,0,0,1,1,0,0,1,0,0
646,2.03,24.07,Left,7,0,0,0,1,0,0,1,0,1,0,0,0,0,1,1,0,0,0,1,0
647,5.03,28.1,Left,5,1,0,0,0,1,0,1,0,1,0,0,0,0,1,1,0,0,0,1,0
648,7.05,31.03,Stay,7,1,1,0,1,0,1,0,0,0,1,0,0,0,1,1,0,0,0,1,0
649,5.1,29.07,Stay,5,0,1,0,0,1,1,0,0,1,0,0,0,0,1,1,0,0,1,0,0
650,8.0,31.1,Stay,5,1,1,0,1,0,0,1,0,0,1,0,0,0,1,1,0,0,0,1,0
651,3.11,28.1,Stay,2,0,1,0,1,0,0,1,0,1,0,0,0,0,1,1,0,0,1,0,0
652,9.0,35.02,Stay,4,0,1,0,1,0,1,0,0,0,1,0,0,0,1,1,0,0,1,0,0
653,2.04,24.1,Stay,7,0,1,0,1,0,0,1,0,1,0,0,0,0,1,1,0,0,0,1,0
654,2.04,24.06,Stay,7,0,1,0,1,0,0,1,0,1,0,0,0,0,1,1,0,0,1,0,0
655,2.06,27.06,Stay,4,1,1,0,1,0,0,1,0,1,0,0,0,0,1,1,0,0,0,1,0
656,2.05,24.03,Left,7,0,0,0,1,0,0,1,0,1,0,0,0,0,1,1,0,0,0,1,0
657,2.06,25.08,Stay,7,1,1,0,1,0,0,1,0,1,0,0,0,0,1,1,0,0,0,1,0
658,2.05,25.05,Stay,7,1,1,0,1,0,0,1,0,1,0,0,0,0,1,1,0,0,0,1,0
659,11.03,31.07,Left,7,0,0,0,1,0,0,1,0,0,0,1,0,0,1,1,0,0,0,1,0
660,5.08,29.1,Left,2,1,0,0,1,0,0,1,0,1,0,0,0,0,1,1,0,0,0,1,0
661,6.11,31.02,Stay,0,0,1,0,0,1,1,0,0,1,0,0,0,0,1,1,0,0,0,1,0
662,4.05,25.08,Left,7,0,0,0,1,0,0,1,0,1,0,0,0,0,1,1,0,0,1,0,0
663,4.09,28.04,Stay,0,0,1,0,1,0,0,1,0,1,0,0,0,0,1,1,0,0,0,1,0
664,6.04,31.08,Stay,7,0,1,0,1,0,0,1,0,1,0,0,0,0,1,1,0,0,0,1,0
665,8.04,34.11,Stay,7,0,1,0,1,0,1,0,0,0,1,0,0,0,1,1,0,0,1,0,0
666,2.11,26.08,Left,6,0,0,0,1,0,0,1,0,1,0,0,0,0,1,1,0,0,0,1,0
667,8.11,30.07,Stay,4,1,0,0,1,0,1,0,0,0,1,0,0,0,1,1,0,0,0,1,0
668,5.06,25.05,Stay,3,0,1,0,0,1,0,1,0,1,0,0,0,0,1,1,0,0,0,1,0
669,2.04,27.01,Stay,6,0,1,0,1,0,0,1,0,0,1,0,0,0,1,0,0,1,0,1,0
670,4.05,26.07,Left,6,1,0,0,1,0,0,1,0,0,1,0,0,0,1,1,0,0,0,1,0
671,7.05,33.03,Stay,7,1,1,0,1,0,1,0,0,0,1,0,0,0,1,1,0,0,1,0,0
672,2.04,24.01,Stay,6,1,1,0,1,0,0,1,0,1,0,0,0,0,1,1,0,0,1,0,0
673,2.04,24.02,Stay,7,1,1,0,1,0,0,1,0,1,0,0,0,0,1,1,0,0,1,0,0
674,2.04,24.02,Left,7,1,0,0,1,0,0,1,0,1,0,0,0,0,1,1,0,0,1,0,0
675,2.05,26.06,Left,6,1,0,0,1,0,0,1,0,1,0,0,0,0,1,1,0,0,0,1,0
676,4.1,29.07,Left,5,1,0,0,1,0,0,1,0,1,0,0,0,0,1,1,0,0,0,1,0
677,8.08,34.06,Stay,5,1,0,0,1,0,1,0,0,0,1,0,0,0,1,1,0,0,0,1,0
678,2.07,27.07,Stay,6,0,1,0,1,0,0,1,0,1,0,0,0,0,1,1,0,0,0,1,0
679,2.07,24.06,Left,7,1,0,0,1,0,0,1,0,1,0,0,0,0,1,1,0,0,0,1,0
680,2.06,25.03,Stay,6,0,1,0,1,0,0,1,0,1,0,0,0,0,1,1,0,0,0,1,0
681,2.06,25.06,Stay,6,0,1,0,1,0,0,1,0,1,0,0,0,0,1,1,0,0,0,1,0
682,6.07,29.06,Stay,7,0,1,0,1,0,1,0,0,1,0,0,0,0,1,1,0,0,0,1,0
683,2.04,24.01,Stay,6,1,1,0,1,0,0,1,0,1,0,0,0,0,1,1,0,0,1,0,0
684,8.08,37.06,Stay,5,0,1,0,0,1,1,0,0,0,0,1,0,0,1,1,0,0,0,1,0
685,7.1,29.1,Left,6,0,0,1,0,0,1,0,0,0,1,0,0,0,1,1,0,0,0,1,0
686,5.05,32.1,Stay,5,1,0,1,0,0,0,1,0,0,1,0,0,0,1,1,0,0,0,1,0
687,2.05,25.1,Stay,5,0,1,0,1,0,0,1,0,1,0,0,0,0,1,1,0,0,0,1,0
688,4.09,26.06,Left,5,0,0,0,1,0,0,1,0,1,0,0,0,0,1,1,0,0,1,0,0
689,2.05,25.01,Left,6,0,0,0,1,0,0,1,0,1,0,0,0,0,1,1,0,0,1,0,0
690,9.05,31.07,Stay,2,0,1,0,1,0,1,0,0,0,1,0,0,0,1,1,0,0,0,1,0
691,4.1,30.06,Stay,6,0,1,0,1,0,1,0,0,0,1,0,0,0,1,1,0,0,1,0,0
692,6.01,29.02,Stay,2,0,1,0,1,0,0,1,0,1,0,0,0,0,1,1,0,0,0,1,0
693,6.05,29.09,Left,7,0,0,0,0,1,0,1,0,1,0,0,0,0,1,1,0,0,0,1,0
694,5.06,29.0,Left,7,0,1,0,1,0,0,1,0,1,0,0,0,0,1,1,0,0,0,1,0
695,5.06,32.04,Left,7,0,0,0,0,1,1,0,0,0,1,0,0,0,1,1,0,0,0,1,0
696,2.05,30.06,Stay,5,0,1,0,1,0,1,0,0,1,0,0,0,0,1,1,0,0,0,1,0
697,2.07,25.03,Stay,7,0,1,0,1,0,0,1,0,1,0,0,0,0,1,1,0,0,0,1,0
698,2.07,26.03,Stay,7,0,1,0,1,0,0,1,0,1,0,0,0,0,1,1,0,0,0,1,0
699,2.07,25.1,Stay,6,0,1,0,1,0,0,1,0,1,0,0,0,0,1,1,0,0,0,1,0
700,2.07,25.1,Stay,6,1,1,0,1,0,0,1,0,1,0,0,0,0,1,1,0,0,0,1,0
701,2.08,25.01,Left,6,1,0,0,1,0,0,1,0,1,0,0,0,0,1,1,0,0,0,1,0
702,2.07,25.02,Left,7,1,0,0,1,0,0,1,0,1,0,0,0,0,1,1,0,0,0,1,0
703,2.09,24.09,Stay,7,1,1,0,1,0,0,1,0,1,0,0,0,0,1,1,0,0,0,1,0
704,2.07,24.08,Left,7,0,0,0,1,0,0,1,0,1,0,0,0,0,1,1,0,0,0,1,0
705,3.0,27.06,Stay,7,0,1,0,1,0,0,1,0,1,0,0,0,0,1,1,0,0,0,1,0
706,2.06,25.03,Stay,6,0,1,0,1,0,0,1,0,1,0,0,0,0,1,1,0,0,0,1,0
707,9.05,36.11,Stay,6,0,1,0,1,0,1,0,0,0,1,0,0,0,1,1,0,0,0,1,0
708,4.1,26.08,Stay,7,0,1,1,0,0,0,1,0,1,0,0,0,0,1,1,0,0,0,1,0
709,23.06,47.0,Stay,6,1,1,0,1,0,1,0,0,0,0,0,1,0,1,0,1,0,0,1,0
710,12.02,33.11,Left,5,0,1,0,1,0,1,0,0,0,0,1,0,0,1,1,0,0,0,1,0
711,2.06,26.04,Left,7,0,0,0,1,0,0,1,0,1,0,0,0,0,1,1,0,0,0,1,0
712,4.06,32.0,Left,6,0,0,0,1,0,0,1,0,0,0,1,0,0,1,0,1,0,0,1,0
713,3.02,27.09,Left,7,0,0,0,1,0,0,1,0,1,0,0,0,0,1,1,0,0,0,1,0
714,7.01,31.04,Stay,7,0,1,0,1,0,1,0,0,0,1,0,0,0,1,1,0,0,0,1,0
715,6.05,32.08,Stay,5,0,1,0,1,0,1,0,0,0,1,0,0,0,1,1,0,0,1,0,0
716,8.11,31.07,Left,7,0,0,1,0,0,1,0,0,0,1,0,0,0,1,1,0,0,0,1,0
717,4.02,25.1,Stay,7,0,1,0,1,0,0,1,0,1,0,0,0,0,1,1,0,0,0,1,0
718,4.1,26.07,Left,5,0,0,0,1,0,0,1,0,1,0,0,0,0,1,1,0,0,0,1,0
719,12.06,33.05,Stay,6,0,1,0,0,1,0,1,0,0,0,1,0,0,1,1,0,0,0,1,0
720,7.0,35.08,Stay,1,0,1,0,1,0,0,1,0,0,1,0,0,0,1,1,0,0,0,1,0
721,7.11,29.03,Stay,6,1,1,0,0,1,1,0,0,1,0,0,0,0,1,1,0,0,0,1,0
722,6.08,27.07,Stay,7,1,0,0,1,0,1,0,0,1,0,0,0,0,1,0,0,1,1,0,0
723,2.08,26.04,Left,5,1,0,0,1,0,0,1,0,1,0,0,0,0,1,1,0,0,1,0,0
724,2.07,26.08,Left,6,1,0,0,1,0,0,1,0,1,0,0,0,0,1,1,0,0,0,1,0
725,2.07,27.03,Left,6,1,0,0,1,0,0,1,0,1,0,0,0,0,1,1,0,0,0,1,0
726,2.09,26.1,Left,5,1,0,0,1,0,0,1,0,1,0,0,0,0,1,1,0,0,0,1,0
727,2.07,25.09,Stay,5,1,1,0,1,0,0,1,0,1,0,0,0,0,1,1,0,0,0,1,0
728,9.01,33.04,Stay,5,1,0,1,0,0,1,0,0,0,1,0,0,0,1,1,0,0,0,1,0
729,2.09,26.09,Left,7,1,0,0,1,0,1,0,0,1,0,0,0,0,1,1,0,0,0,1,0
730,2.08,24.1,Stay,5,1,1,0,1,0,0,1,0,1,0,0,0,0,1,1,0,0,0,1,0
731,2.08,30.08,Stay,7,1,1,0,1,0,1,0,0,1,0,0,0,0,1,1,0,0,0,1,0
732,3.02,25.05,Left,5,1,0,0,1,0,0,1,0,1,0,0,0,0,1,1,0,0,1,0,0
733,11.07,39.07,Stay,4,0,1,0,0,1,1,0,0,0,1,0,0,0,1,1,0,0,0,1,0
734,8.08,31.07,Left,5,0,0,1,0,0,1,0,0,0,1,0,0,0,1,1,0,0,0,1,0
735,3.06,27.01,Left,5,1,0,0,1,0,0,1,0,0,1,0,0,0,1,1,0,0,1,0,0
736,7.06,34.12,Stay,2,0,1,0,1,0,1,0,0,0,1,0,0,0,1,1,0,0,0,1,0
737,8.08,33.09,Left,7,1,0,0,1,0,1,0,0,0,1,0,0,0,1,1,0,0,0,1,0
738,11.07,35.04,Left,3,1,0,1,0,0,1,0,0,0,1,0,0,0,1,1,0,0,0,1,0
739,5.09,28.03,Stay,6,1,1,0,1,0,0,1,0,1,0,0,0,0,1,0,0,1,1,0,0
740,9.07,35.06,Stay,6,1,1,0,1,0,1,0,0,0,1,0,0,0,1,0,1,0,0,1,0
741,2.07,28.06,Stay,2,1,1,0,1,0,1,0,0,1,0,0,0,0,1,1,0,0,1,0,0
742,5.09,29.06,Stay,7,1,1,0,1,0,0,1,0,1,0,0,0,0,1,1,0,0,0,1,0
743,5.04,30.06,Stay,7,1,1,1,0,0,0,1,0,1,0,0,0,0,1,1,0,0,0,1,0
744,13.11,38.12,Stay,5,1,1,0,0,1,1,0,0,0,1,0,0,0,1,1,0,0,0,1,0
745,8.08,32.02,Stay,5,1,0,0,0,1,0,1,0,1,0,0,0,0,1,1,0,0,0,1,0
746,6.11,29.07,Stay,5,0,1,0,1,0,1,0,0,0,1,0,0,0,1,1,0,0,0,1,0
747,11.01,36.07,Left,5,0,0,0,1,0,1,0,0,0,1,0,0,0,1,1,0,0,0,1,0
748,6.1,30.05,Left,7,1,0,0,1,0,0,1,0,1,0,0,0,0,1,1,0,0,1,0,0
749,12.08,35.0,Left,7,1,0,0,0,1,1,0,0,0,1,0,0,0,1,1,0,0,1,0,0
750,7.11,31.07,Left,7,1,0,1,0,0,1,0,0,1,0,0,0,0,1,1,0,0,0,1,0
751,2.08,25.11,Stay,6,0,1,0,1,0,0,1,0,1,0,0,0,0,1,1,0,0,1,0,0
752,2.08,26.06,Stay,5,1,1,0,1,0,0,1,0,1,0,0,0,0,1,1,0,0,0,1,0
753,2.08,24.1,Stay,7,0,1,0,1,0,0,1,0,1,0,0,0,0,1,1,0,0,0,1,0
754,2.09,26.07,Stay,7,0,1,0,1,0,0,1,0,1,0,0,0,0,1,1,0,0,0,1,0
755,2.09,24.09,Stay,7,0,1,0,1,0,0,1,0,1,0,0,0,0,1,1,0,0,0,1,0
756,2.08,25.07,Stay,6,0,1,0,1,0,0,1,0,1,0,0,0,0,1,1,0,0,0,1,0
757,2.11,26.1,Stay,6,0,1,0,1,0,0,1,0,1,0,0,0,0,1,1,0,0,0,1,0
758,2.08,28.09,Left,6,0,0,0,1,0,0,1,0,1,0,0,0,0,1,1,0,0,0,1,0
759,5.1,28.04,Left,6,0,0,0,0,1,0,1,0,0,1,0,0,0,1,0,1,0,1,0,0
760,8.02,35.04,Stay,7,0,1,0,1,0,1,0,0,1,0,0,0,0,1,1,0,0,0,1,0
761,6.04,29.05,Stay,6,0,1,0,1,0,0,1,0,1,0,0,0,0,1,1,0,0,0,1,0
762,5.03,28.07,Left,7,0,1,1,0,0,0,1,0,1,0,0,0,0,1,1,0,0,0,1,0
763,4.1,27.09,Stay,6,0,1,0,0,1,0,1,0,1,0,0,0,0,1,0,0,1,0,1,0
764,2.08,27.07,Stay,6,0,1,0,1,0,0,1,0,1,0,0,0,0,1,0,0,1,0,1,0
765,4.04,31.07,Left,5,0,0,0,1,0,1,0,0,1,0,0,0,0,1,1,0,0,0,1,0
766,8.0,31.09,Stay,5,0,1,1,0,0,1,0,0,0,1,0,0,0,1,1,0,0,0,1,0
767,6.09,28.1,Stay,7,0,1,0,1,0,1,0,0,1,0,0,0,0,1,1,0,0,0,1,0
768,4.08,31.01,Stay,5,0,1,0,0,1,0,1,0,0,1,0,0,0,1,1,0,0,0,1,0
769,5.09,28.1,Left,3,0,0,0,1,0,0,1,0,1,0,0,0,0,1,1,0,0,0,1,0
770,2.08,27.09,Left,5,0,0,0,1,0,1,0,0,1,0,0,0,0,1,1,0,0,1,0,0
771,6.08,30.06,Stay,6,1,0,1,0,0,1,0,0,1,0,0,0,0,1,1,0,0,0,1,0
772,2.1,24.08,Left,7,0,0,0,1,0,0,1,0,1,0,0,0,0,1,1,0,0,1,0,0
773,2.11,24.06,Stay,7,0,1,0,1,0,0,1,0,1,0,0,0,0,1,1,0,0,0,1,0
774,2.1,24.11,Left,5,0,0,0,1,0,1,0,0,1,0,0,0,0,1,1,0,0,0,1,0
775,2.09,25.1,Stay,7,0,1,0,1,0,0,1,0,1,0,0,0,0,1,1,0,0,0,1,0
776,2.09,25.07,Left,6,1,0,0,1,0,0,1,0,1,0,0,0,0,1,1,0,0,0,1,0
777,12.09,34.05,Stay,6,0,1,1,0,0,1,0,0,0,0,1,0,0,1,1,0,0,0,1,0
778,11.03,36.01,Stay,6,1,1,0,1,0,1,0,0,0,1,0,0,0,1,1,0,0,0,1,0
779,6.03,28.04,Stay,6,0,1,0,1,0,0,1,0,1,0,0,0,0,1,1,0,0,0,1,0
780,10.08,38.08,Left,6,0,1,0,1,0,1,0,0,0,0,1,0,0,1,1,0,0,0,1,0
781,3.0,25.05,Stay,5,0,1,0,1,0,0,1,0,1,0,0,0,0,1,1,0,0,0,1,0
782,8.09,33.07,Left,5,0,0,0,1,0,1,0,0,0,1,0,0,0,1,1,0,0,0,1,0
783,3.11,26.06,Left,6,1,0,0,0,1,0,1,0,1,0,0,0,0,1,1,0,0,0,1,0
784,7.0,33.08,Left,7,0,0,1,0,0,1,0,0,1,0,0,0,0,1,1,0,0,0,1,0
785,3.01,26.02,Stay,6,1,1,0,1,0,0,1,0,1,0,0,0,0,1,1,0,0,1,0,0
786,5.0,27.1,Left,1,1,0,0,1,0,0,1,0,1,0,0,0,0,1,0,0,1,0,1,0
787,5.09,29.02,Stay,3,0,1,0,1,0,1,0,0,1,0,0,0,0,1,1,0,0,1,0,0
788,4.01,30.06,Stay,7,1,1,0,0,1,1,0,0,0,1,0,0,0,1,1,0,0,1,0,0
789,3.05,27.07,Stay,7,0,1,0,1,0,0,1,0,1,0,0,0,0,1,1,0,0,0,1,0
790,12.1,40.07,Left,7,0,0,0,1,0,1,0,0,0,0,1,0,0,1,1,0,0,0,1,0
791,6.02,31.06,Stay,7,0,1,1,0,0,1,0,0,0,1,0,0,0,1,1,0,0,0,1,0
792,5.09,31.1,Stay,5,0,1,0,0,1,1,0,0,1,0,0,0,0,1,1,0,0,0,1,0
793,2.1,24.1,Stay,1,0,1,0,1,0,0,1,0,0,0,0,1,0,1,0,0,1,1,0,0
794,4.09,31.0,Stay,6,0,1,0,0,1,0,1,0,0,1,0,0,0,1,1,0,0,0,1,0
795,10.02,36.01,Stay,6,1,0,0,1,0,0,1,0,0,1,0,0,0,1,1,0,0,0,1,0
796,3.01,29.06,Stay,6,1,0,0,0,1,0,1,0,1,0,0,0,0,1,0,0,1,0,1,0
797,8.09,34.03,Stay,6,0,1,0,1,0,0,1,0,0,0,1,0,0,1,1,0,0,0,1,0
798,3.0,27.05,Left,7,1,0,0,1,0,0,1,0,1,0,0,0,0,1,1,0,0,0,1,0
799,3.05,31.07,Left,7,1,0,0,1,0,0,1,0,1,0,0,0,0,1,1,0,0,0,1,0
800,3.1,26.03,Stay,3,1,1,0,1,0,0,1,0,1,0,0,0,0,1,1,0,0,0,1,0
801,3.0,24.11,Stay,7,1,1,0,1,0,0,1,0,1,0,0,0,0,1,1,0,0,0,1,0
802,2.11,28.11,Stay,7,1,1,0,1,0,1,0,0,1,0,0,0,0,1,1,0,0,0,1,0
803,3.0,26.09,Stay,5,1,1,0,1,0,0,1,0,1,0,0,0,0,1,1,0,0,0,1,0
804,3.04,28.04,Left,4,1,0,0,1,0,1,0,0,1,0,0,0,0,1,1,0,0,0,1,0
805,7.1,30.07,Stay,4,1,0,0,1,0,0,1,0,0,1,0,0,0,1,1,0,0,0,1,0
806,7.1,29.1,Stay,5,0,1,0,1,0,0,1,0,0,1,0,0,0,1,1,0,0,0,1,0
807,2.09,24.08,Left,7,1,0,0,1,0,1,0,0,1,0,0,0,0,1,1,0,0,1,0,0
808,8.02,31.03,Left,1,0,0,0,1,0,1,0,0,0,1,0,0,0,1,0,0,1,1,0,0
809,13.09,37.08,Stay,6,0,1,0,0,1,1,0,0,0,0,1,0,0,1,0,0,1,0,1,0
810,3.09,27.05,Stay,7,0,1,0,1,0,1,0,0,0,1,0,0,0,1,1,0,0,1,0,0
811,4.0,25.11,Stay,7,1,1,1,0,0,0,1,0,1,0,0,0,0,1,0,0,1,0,1,0
812,2.1,29.11,Stay,1,0,1,0,1,0,1,0,0,1,0,0,0,0,1,1,0,0,1,0,0
813,9.1,32.1,Stay,7,0,1,0,1,0,1,0,0,0,1,0,0,0,1,1,0,0,1,0,0
814,8.1,32.06,Stay,7,1,1,0,1,0,1,0,0,0,1,0,0,0,1,1,0,0,0,1,0
815,5.11,28.07,Left,5,1,0,0,1,0,0,1,0,1,0,0,0,0,1,1,0,0,0,1,0
816,2.1,25.09,Stay,2,0,1,0,1,0,0,1,0,1,0,0,0,0,1,1,0,0,0,1,0
817,4.02,24.08,Stay,7,0,1,1,0,0,1,0,0,1,0,0,0,0,1,1,0,0,1,0,0
818,8.09,36.06,Left,6,0,0,0,0,1,0,1,0,0,1,0,0,0,1,1,0,0,0,1,0
819,4.1,26.06,Left,7,0,0,1,0,0,0,1,0,1,0,0,0,0,1,1,0,0,1,0,0
820,6.01,29.08,Left,6,0,1,0,1,0,1,0,0,0,1,0,0,0,1,1,0,0,0,1,0
821,9.04,36.08,Left,5,0,0,1,0,0,1,0,0,0,0,1,0,0,1,1,0,0,0,1,0
822,8.02,33.11,Stay,5,0,1,1,0,0,1,0,0,0,1,0,0,0,1,1,0,0,0,1,0
823,8.0,30.09,Stay,4,0,1,0,0,1,1,0,0,0,1,0,0,0,1,1,0,0,1,0,0
824,9.1,33.02,Left,6,0,0,1,0,0,0,1,0,0,0,1,0,0,1,1,0,0,0,1,0
825,2.1,24.1,Stay,5,0,1,0,1,0,0,1,0,1,0,0,0,0,1,1,0,0,0,1,0
826,2.1,25.07,Stay,7,0,1,0,1,0,0,1,0,1,0,0,0,0,1,1,0,0,0,1,0
827,6.02,27.07,Stay,7,0,1,1,0,0,0,1,0,1,0,0,0,0,1,1,0,0,0,1,0
828,10.06,38.09,Stay,3,1,0,1,0,0,1,0,0,0,1,0,0,0,1,1,0,0,0,1,0
829,10.07,35.07,Stay,7,1,0,1,0,0,1,0,0,0,0,1,0,0,1,1,0,0,0,1,0
830,7.05,39.01,Stay,5,1,1,1,0,0,1,0,0,0,1,0,0,0,1,1,0,0,0,1,0
831,2.1,25.05,Stay,7,1,1,0,1,0,0,1,0,1,0,0,0,0,1,1,0,0,1,0,0
832,4.1,28.05,Left,5,1,0,0,1,0,0,1,0,1,0,0,0,0,1,1,0,0,0,1,0
833,2.11,26.1,Stay,7,0,1,0,1,0,0,1,0,1,0,0,0,0,1,1,0,0,0,1,0
834,2.11,27.08,Left,7,0,0,0,1,0,0,1,0,1,0,0,0,0,1,1,0,0,0,1,0
835,2.11,26.07,Left,6,0,0,0,1,0,0,1,0,1,0,0,0,0,1,1,0,0,0,1,0
836,3.0,26.01,Stay,6,0,1,0,1,0,0,1,0,1,0,0,0,0,1,1,0,0,1,0,0
837,3.0,28.08,Stay,5,1,1,0,1,0,0,1,0,1,0,0,0,0,1,1,0,0,0,1,0
838,2.11,25.05,Stay,7,0,1,0,1,0,0,1,0,1,0,0,0,0,1,1,0,0,1,0,0
839,2.11,26.04,Stay,6,0,1,0,1,0,0,1,0,1,0,0,0,0,1,1,0,0,1,0,0
840,2.1,28.09,Stay,4,0,1,0,1,0,0,1,0,1,0,0,0,0,1,1,0,0,0,1,0
841,8.11,35.06,Stay,6,0,1,0,1,0,1,0,0,0,1,0,0,0,1,1,0,0,0,1,0
842,8.02,30.02,Stay,6,0,1,0,0,1,1,0,0,0,1,0,0,0,1,1,0,0,0,1,0
843,2.11,26.09,Left,2,0,0,0,1,0,0,1,0,1,0,0,0,0,1,1,0,0,0,1,0
844,8.11,31.04,Stay,7,0,1,0,0,1,1,0,0,0,1,0,0,0,1,1,0,0,0,1,0
845,3.04,25.01,Left,5,0,0,0,1,0,1,0,0,1,0,0,0,0,1,1,0,0,1,0,0
846,7.04,30.05,Stay,6,0,1,0,1,0,1,0,0,1,0,0,0,0,1,1,0,0,0,1,0
847,2.1,25.02,Stay,5,0,1,0,1,0,0,1,0,1,0,0,0,0,1,1,0,0,0,1,0
848,3.07,31.07,Stay,4,0,1,0,1,0,0,1,0,1,0,0,0,0,1,1,0,0,0,1,0
849,9.0,35.05,Stay,7,1,1,0,1,0,1,0,0,1,0,0,0,0,1,1,0,0,0,1,0
850,5.11,28.07,Left,7,1,0,1,0,0,0,1,0,1,0,0,0,0,1,1,0,0,0,1,0
851,6.03,31.0,Stay,6,0,1,0,1,0,1,0,0,0,1,0,0,0,1,1,0,0,0,1,0
852,5.11,29.01,Stay,7,0,1,0,1,0,0,1,0,1,0,0,0,0,1,1,0,0,0,1,0
853,8.0,28.09,Stay,7,0,1,1,0,0,0,1,0,0,1,0,0,0,1,1,0,0,0,1,0
854,2.11,25.02,Left,5,0,0,0,1,0,0,1,0,1,0,0,0,0,1,1,0,0,0,1,0
855,5.07,28.07,Left,7,1,0,0,1,0,0,1,0,1,0,0,0,0,1,1,0,0,0,1,0
856,6.05,30.03,Left,5,1,0,0,1,0,0,1,0,1,0,0,0,0,1,1,0,0,0,1,0
857,11.03,35.11,Stay,6,1,0,0,1,0,1,0,0,0,1,0,0,0,1,1,0,0,0,1,0
858,6.02,27.06,Stay,7,1,1,0,0,1,0,1,0,1,0,0,0,0,1,1,0,0,0,1,0
859,12.01,30.07,Stay,7,1,1,0,0,1,0,1,0,0,1,0,0,0,1,1,0,0,0,1,0
860,5.04,27.03,Stay,7,1,1,0,1,0,0,1,0,1,0,0,0,0,1,1,0,0,1,0,0
861,8.0,32.03,Stay,7,1,0,1,0,0,1,0,0,0,1,0,0,0,1,1,0,0,0,1,0
862,7.0,32.05,Stay,4,1,0,1,0,0,1,0,0,1,0,0,0,0,1,1,0,0,0,1,0
863,5.08,30.0,Left,6,0,0,0,1,0,0,1,0,0,1,0,0,0,1,1,0,0,0,1,0
864,8.0,29.06,Stay,2,1,1,0,1,0,0,1,0,0,1,0,0,0,1,1,0,0,0,1,0
865,8.07,34.07,Stay,6,0,1,1,0,0,1,0,0,0,1,0,0,0,1,1,0,0,0,1,0
866,7.07,29.1,Left,5,0,0,1,0,0,1,0,0,0,1,0,0,0,1,1,0,0,1,0,0
867,7.0,32.09,Left,5,0,0,1,0,0,1,0,0,1,0,0,0,0,1,1,0,0,0,1,0
868,3.0,25.06,Stay,5,1,1,0,1,0,0,1,0,1,0,0,0,0,1,1,0,0,0,1,0
869,6.0,27.11,Stay,7,1,1,0,1,0,0,1,0,1,0,0,0,0,1,1,0,0,0,1,0
870,7.06,29.06,Stay,7,1,1,0,1,0,1,0,0,1,0,0,0,0,1,1,0,0,1,0,0
871,7.02,28.06,Stay,6,1,0,0,1,0,1,0,0,1,0,0,0,0,1,1,0,0,0,1,0
872,7.0,28.06,Stay,5,1,0,0,1,0,1,0,0,1,0,0,0,0,1,1,0,0,1,0,0
873,4.05,26.08,Left,5,1,0,0,1,0,1,0,0,1,0,0,0,0,1,1,0,0,0,1,0
874,5.02,29.06,Stay,3,1,0,1,0,0,1,0,0,1,0,0,0,0,1,1,0,0,0,1,0
875,6.04,29.05,Stay,6,1,0,1,0,0,1,0,0,0,1,0,0,0,1,1,0,0,1,0,0
876,7.0,31.11,Stay,6,1,1,1,0,0,0,1,0,0,1,0,0,0,1,1,0,0,0,1,0
877,5.0,26.07,Stay,5,1,1,0,1,0,0,1,0,1,0,0,0,0,1,1,0,0,0,1,0
878,4.02,27.04,Stay,6,1,1,0,1,0,0,1,0,1,0,0,0,0,1,1,0,0,0,1,0
879,3.07,27.08,Left,7,0,0,0,1,0,0,1,0,1,0,0,0,1,0,1,0,0,0,1,0
880,3.03,28.03,Left,5,1,0,1,0,0,0,1,0,1,0,0,0,1,0,1,0,0,0,1,0
881,2.04,23.01,Left,5,1,0,0,1,0,0,1,0,1,0,0,0,1,0,1,0,0,1,0,0
882,3.07,27.02,Stay,7,1,0,1,0,0,1,0,0,1,0,0,0,1,0,1,0,0,1,0,0
883,5.06,29.03,Stay,6,0,1,0,0,1,1,0,0,0,1,0,0,1,0,0,0,1,1,0,0
884,1.07,22.07,Left,7,1,0,0,1,0,0,1,0,1,0,0,0,1,0,1,0,0,0,1,0
885,5.04,28.11,Left,5,1,0,1,0,0,1,0,0,1,0,0,0,1,0,1,0,0,0,1,0
886,4.0,22.08,Stay,5,1,1,0,1,0,0,1,0,1,0,0,0,1,0,1,0,0,1,0,0
887,6.0,29.01,Stay,6,1,1,0,1,0,1,0,0,0,0,0,1,0,1,1,0,0,1,0,0
888,4.09,27.11,Left,7,1,0,0,1,0,0,1,0,1,0,0,0,0,1,0,0,1,0,1,0
889,4.02,27.01,Left,6,1,0,0,1,0,0,1,0,1,0,0,0,0,1,1,0,0,0,1,0
890,2.0,24.07,Left,7,1,0,0,1,0,0,0,1,1,0,0,0,0,1,1,0,0,1,0,0
891,3.08,27.07,Stay,2,1,1,0,1,0,0,1,0,1,0,0,0,1,0,1,0,0,0,1,0
892,3.06,25.02,Left,0,1,0,0,1,0,1,0,0,1,0,0,0,1,0,1,0,0,1,0,0
894,0.03,22.05,Left,0,0,0,0,1,0,0,1,0,1,0,0,0,1,0,1,0,0,0,1,0
896,0.03,24.06,Stay,0,0,1,0,1,0,0,1,0,1,0,0,0,1,0,1,0,0,0,1,0
897,0.03,21.09,Stay,0,0,1,0,1,0,0,1,0,1,0,0,0,1,0,1,0,0,1,0,0
898,0.03,22.02,Left,0,0,1,0,1,0,0,1,0,1,0,0,0,1,0,1,0,0,1,0,0
900,0.03,22.02,Stay,0,0,1,0,1,0,0,1,0,1,0,0,0,1,0,1,0,0,1,0,0
901,10.02,32.08,Stay,2,0,0,0,1,0,1,0,0,0,1,0,0,1,0,1,0,0,0,1,0
